"edata_pageid","Count"
"","287590"
"page/home","12213"
"app/search/learning","3519"
"page/learn","2855"
"app/discussion-forum","1675"
"app/taxonomy/home","1265"
"app/taxonomy/Economics","1148"
"app/home/workallocation","964"
"app/network-v2/home","946"
"app/toc/do_113258618192003072110/overview","775"
"app/home/users","739"
"app/features","622"
"app/globalsearch","545"
"app/discussion-forum/categories","538"
"app/taxonomy/Law","485"
"app/discussion-forum/all-discussions","479"
"app/toc/do_11327642937307955214059/overview","469"
"app/person-profile/me","465"
"app/toc/do_11327642937307955214059/single-page-view","405"
"app/home/directory","376"
"app/home/welcome","346"
"app/toc/do_1132591765708554241127/overview","335"
"app/discussion-forum/tags","333"
"app/careers/home","319"
"app/network-v2/my-connection","314"
"app/toc/do_11328132809922969614490/overview","295"
"app/taxonomy/E-Governance%20&%20Information%20&%20Communication%20Technology","272"
"app/toc/do_11330632101357158414067/overview","258"
"app/network-v2/connection-requests","257"
"app/home/roles-access","243"
"app/discussion-forum/my-discussion","239"
"app/competencies/home","225"
"app/taxonomy/Public%20Administration","222"
"app/network-v2/my-mdo","217"
"app/taxonomy/Political%20Science","214"
"app/toc/do_1133166077012705281332/overview","213"
"app/home/approvals","208"
"app/toc/do_11328184150654976011/overview","201"
"app/discuss/home","180"
"app/workallocation/create","180"
"app/playlist/me","169"
"app/workallocation/drafts","167"
"app/taxonomy/Management","165"
"app/profile/settings","155"
"app/user-profile/details","148"
"app/toc/do_113253168068935680154/overview","146"
"app/taxonomy/History","145"
"app/network-v2/recommended","141"
"app/home/cbp","139"
"viewer/pdf/do_113258618331938816113","139"
"app/taxonomy/PublicAdministration","137"
"viewer/pdf/do_11330537341004185613825","132"
"app/taxonomy/Information%20&%20Communication%20Technology%20and%20Digital%20Governance","129"
"app/taxonomy/Procedural%20Law","129"
"app/toc/do_113253022552432640127/overview","127"
"app/discussion-forum/tags/tag-discussions","124"
"app/discussion-forum/category/1","114"
"app/discussion-forum/category/2","113"
"app/home/create-user","112"
"app/notifications","112"
"app/taxonomy/E-GovernanceInformationCommunicationTechnology","106"
"app/taxonomy/PoliticalScience","104"
"question_set","102"
"app/toc/do_113271240593137664173/overview","100"
"app/taxonomy/Growth%20Economics","93"
"app/taxonomy/GrowthEconomics","90"
"app/toc/do_11327642964236697614089/overview","88"
"app/toc/do_113258618192003072110/single-page-view","86"
"app/toc/do_11328133271208755214497/overview","85"
"viewer/quiz/do_1132591768725995521133","85"
"app/toc/do_1132870309116067841126/overview","83"
"app/toc/do_1132741138815877121204/overview","80"
"app/toc/do_11330537328115712013823/overview","79"
"app/discussion/forum","73"
"app/toc/do_11331322169616793611/overview","72"
"app/toc/do_113268495196225536142/overview","66"
"viewer/video/do_113258618243473408111","66"
"app/users/create-user","65"
"viewer/pdf/do_113253048530313216137","65"
"app/toc/do_11329603007908249611103/overview","63"
"app/toc/do_11329809202031820812002/overview","62"
"app/toc/do_1132591333532631041103/overview","61"
"viewer/pdf/do_1132741139642859521205","61"
"app/taxonomy/CurrentStateofIndianEconomy","60"
"app/toc/do_1132643234074542081141/overview","60"
"app/goals/me/all","59"
"app/toc/do_11326359518525849616/overview","59"
"app/toc/do_1132910282752409601521/overview","58"
"viewer/pdf/do_1132741140144701441206","58"
"app/taxonomy/InformationCommunicationTechnologyandDigitalGovernance","57"
"app/toc/do_1132933759046615041565/overview","57"
"app/playlist/create","56"
"app/taxonomy/Test%20-%20Level%201","55"
"app/home/competency","54"
"app/toc/do_11331824736654131211516/overview","54"
"app/discussion-forum/topic/77/testing-124","53"
"app/toc/do_113272650337918976196/overview","53"
"collection_editor","51"
"viewer/pdf/do_113253004579495936124","51"
"app/toc/do_113253164370092032152/overview","50"
"app/toc/do_1132585753022873601128/overview","50"
"app/home/budgeting","49"
"viewer/html/do_113258618376028160114","49"
"viewer/html/do_1132591767665623041131","49"
"app/toc/do_113262901371633664175/overview","48"
"app/toc/do_11330394254719385613799/overview","48"
"viewer/html/do_1132591768208834561132","48"
"app/toc/do_113284070692347904138/overview","46"
"app/toc/do_1132925528412160001253/overview","46"
"app/toc/do_113172342867312640128/overview","45"
"viewer/video/do_11328184158816665612","45"
"app/my-dashboard","44"
"viewer/youtube/do_1133166089567518721334","44"
"app/taxonomy/Concepts%20of%20Law","43"
"app/workallocation/published","43"
"app/taxonomy/Unit%201%20:%20General%20Principles%20of%20Law","42"
"app/invalid-user","41"
"app/taxonomy/CrPC","40"
"app/taxonomy/Measure%20of%20Growth%20and%20Development","40"
"viewer/audio/do_113258618287882240112","39"
"app/taxonomy/Test-Level1","38"
"app/careers/home/12/job%20openings%20for%20full%20stack%20developer","37"
"app/toc/do_113258044096110592195/overview","37"
"app/home/MDO/create-department;needAddAdmin=true","36"
"app/taxonomy/Administration%20of%20Justice","36"
"app/taxonomy/MeasureofGrowthandDevelopment","36"
"app/careers/home/12","35"
"app/toc/do_113253165507895296153/overview","35"
"page/home/widgetData.strips%5B0%5D%3F.viewMoreUrl%3F.path","35"
"viewer/video/do_1132591766258237441128","35"
"viewer/video/do_11328132815286272014491","35"
"workspace","35"
"app/roles/CONTENT%20CREATOR/users","34"
"app/taxonomy/Networking%20&%20Communication","34"
"app/toc/do_11330753283283353614234/overview","34"
"app/taxonomy/Economics%20Thought","33"
"app/taxonomy/MonetaryPolicyandBankRegulation","33"
"app/workallocation/drafts/4bed8dfd-2992-434a-a007-21b66b406da8","33"
"app/careers/home/34/Junior%20Software%20Developer","32"
"app/discussion-forum/topic/85/new-post-for-widgting","32"
"app/toc/do_113267844924088320113/overview","32"
"app/toc/do_1132741138815877121204/single-page-view","32"
"app/toc/do_1132939858196725761768/overview","32"
"do_1131879211119493121330","32"
"viewer/pdf/do_1132591767189504001130","32"
"app/taxonomy/Unit%20II%20:%20Administration%20of%20Justice","31"
"app/taxonomy/Unit%20IV%20:%20Procedural%20Laws%20%28Civil%20and%20Criminal%29","31"
"viewer/html/do_113258618421018624115","31"
"app/profile/dashboard","29"
"app/careers/home/41/New%20discussion","28"
"app/careers/home/56/Chennai%20Port%20Trust%20Recruitment%202020:%20Apply%20for%20Deputy%20Secretary%20Post","28"
"app/discussion/forum/categories","28"
"app/events/list","28"
"app/person-profile/3c9f3ecf-4a25-418d-87ca-98e3fb1a4aaf","28"
"app/taxonomy/ConstitutionofIndia","28"
"app/toc/do_113267908873437184118/overview","28"
"app/toc/do_1132919927821271041141/overview","28"
"viewer/youtube/do_11330876777963520014717","28"
"app/careers/home/40/Digitalisation%20of%20APARs%20in%20respect%20of%20CSS%20Officers","27"
"app/taxonomy/test","27"
"app/toc/do_113253169008582656155/overview","27"
"app/toc/do_1132573004885688321224/overview","27"
"viewer/youtube/do_113252997723701248123","27"
"viewer/pdf/do_1132751311329034241458","26"
"viewer/youtube/do_11330818167169024014439","26"
"app/discussion-forum/category/4","25"
"app/home/workallocation;tab=Published","25"
"app/taxonomy/Unit%20III%20:%20Criminal%20Laws%20%28Substantive%29","25"
"app/toc/do_1132580841228042241102/overview","25"
"app/toc/do_11328132809922969614490/single-page-view","25"
"viewer/html/do_11327568088979046412946","25"
"viewer/html/do_11330818167169024014439","25"
"app/playlist/shared","24"
"app/toc/do_1132591765708554241127/single-page-view","24"
"app/toc/do_11328184150654976011/single-page-view","24"
"app/toc/do_11329598033861836811089/overview","24"
"do_1133166089567518721334","24"
"viewer/audio/do_1132591766720512001129","24"
"viewer/pdf/do_11330537336139776013824","24"
"viewer/quiz/do_1132933761787576321571","24"
"viewer/video/do_113253027640844288129","24"
"app/discussion-forum/topic/84/india-logs-3-29-942-coronavirus-cases-in-past-24-hours-karnataka-tops-chart-with-most-infections","23"
"app/taxonomy/Principles%20of%20Management%20of%20Organizations","23"
"app/taxonomy/ProceduralLaw","23"
"app/taxonomy/MonopolyandInternationalTrade","22"
"app/taxonomy/Unit%20V%20:%20Social%20Legislations/Special%20Laws","22"
"app/toc/do_1131879146085171201320/overview","22"
"app/toc/do_1132281562166476801298/overview","22"
"app/toc/do_113257933092823040123/single-page-view","22"
"app/users/17fd6523-4a1d-422e-8fe2-b76c3cba1faa/details","22"
"viewer/pdf/do_1132751543505223681865","22"
"viewer/youtube/do_1133166091142103041335","22"
"app/discussion-forum/topic/82/new-post-to-test-tags-edited","21"
"app/event-hub/home","21"
"app/profile/interest","21"
"app/taxonomy/UnitIVProceduralLawsCivilandCriminal","21"
"app/toc/do_1132664116265451521211/overview","21"
"app/toc/do_11327558122260889611675/overview","21"
"app/toc/do_11329884358806732812279/overview","21"
"app/toc/do_11330816507131494414415/overview","21"
"app/person-profile/5574b3c5-16ca-49d8-8059-705304f2c7fb","20"
"app/taxonomy/Basics%20of%20National%20Income%20Accounting","20"
"app/taxonomy/CCivil%20Legal%20Remedies","20"
"app/taxonomy/Social%20Networking","20"
"app/toc/do_113264226559246336156/overview","20"
"app/toc/do_1132925528412160001253/single-page-view","20"
"app/toc/do_1132933759046615041565/single-page-view","20"
"app/toc/do_11331165884454502415608/overview","20"
"app/toc/do_113313065335996416152/overview","20"
"do_11330818167169024014439","20"
"viewer/quiz/do_113264226838585344162","20"
"viewer/quiz/do_1132726506116956161102","20"
"viewer/quiz/do_11328132838023987214496","20"
"app/careers/home/36/ONGC%20Recruitment%202020","19"
"app/discussion-forum/topic/48/comment","19"
"app/discussion-forum/topic/86/test-post-edited","19"
"app/person-profile/3a85ecd7-172a-4f51-aa83-90b9e9f46973","19"
"app/person-profile/a6d40e5f-9a03-4700-9c4d-3ad27bf9da3c","19"
"app/taxonomy/ResourceRecoveryfromSolidWastefortheZeroWaste","19"
"app/taxonomy/Test%20-%20Level%202","19"
"app/toc/do_113257933092823040123/overview","19"
"app/toc/do_1132656963757260801194/overview","19"
"app/toc/do_11327647746074214414135/overview","19"
"app/toc/do_1132870309116067841126/single-page-view","19"
"viewer/pdf/do_1132751536171008001825","19"
"viewer/pdf/do_11328132824385945614493","19"
"viewer/quiz/do_11327647768875008014153","19"
"app/taxonomy/History%20&%20Concepts%20","18"
"app/taxonomy/ImplicationsofFiscalPolicy","18"
"app/toc/do_11322384019353600015/overview","18"
"do_1133166091142103041335","18"
"viewer/audio/do_11328132820022886414492","18"
"viewer/pdf/do_1132919932514304001144","18"
"viewer/youtube/do_1133166101387837441336","18"
"app/goals/create/custom","17"
"app/home/directory;department=MDO","17"
"app/playlist/me/do_1132585949420830721147","17"
"app/roles/6/users;currentDept=MDO;roleId=6;depatName=Agriculture%20Department","17"
"app/taxonomy/Introduction%20to%20Public%20Administration","17"
"app/toc/do_113158031999180800150/overview","17"
"app/toc/do_113172342867312640128/single-page-view","17"
"app/toc/do_1132919922301665281140/overview","17"
"app/workallocation/update/4bed8dfd-2992-434a-a007-21b66b406da8/116dc851-b542-4fe4-b332-f7f7266b11d7","17"
"viewer/pdf/do_113253022654701568128","17"
"app/roles/127/users;currentDept=CBC;roleId=127;depatName=Capacity%20Building%20Commission","16"
"app/taxonomy/Ancient%20History","16"
"app/taxonomy/EmergingTrendsinPA","16"
"app/taxonomy/KeythemesofConstituion","16"
"app/taxonomy/SpreadsheetMS-Excel","16"
"app/toc/do_11326359518525849616/single-page-view","16"
"app/toc/do_11327647972430643214309/overview","16"
"app/toc/do_11331189737998745615723/overview","16"
"workspace-content-upforreview","16"
"app/careers/home/39/Request%20for%20vigilance%20update%20in%20Web%20Based%20Cadre%20Management%20System%20in%20respect%20of%20CSS%20officers%20-%20instructions%20for%20Nodal%20Officers","15"
"app/info/about","15"
"app/person-profile/e774dc85-abb0-4506-8493-5402d2cad07c","15"
"app/taxonomy/Constitution%20of%20India","15"
"app/taxonomy/Cyber%20Security","15"
"app/taxonomy/Medieval%20History","15"
"app/taxonomy/MonetaryPolicyandEconomicOutcomes","15"
"app/taxonomy/Test%20-%20Level%203","15"
"app/tnc","15"
"viewer/html/do_113264226748284928160","15"
"viewer/quiz/do_113268495609970688144","15"
"viewer/quiz/do_11332067964004761611580","15"
"app/discussion-forum/category/3","14"
"app/discussion-forum/topic/56/chennai-port-trust-recruitment-2020-apply-for-deputy-secretary-post","14"
"app/person-profile/865301fb-6434-4302-9f2f-027a2280d941","14"
"app/playlist/me/do_1132585949420830721147/edit","14"
"app/roles/122/users;currentDept=MDO;roleId=122;depatName=BESCOM","14"
"app/taxonomy/CPC","14"
"app/taxonomy/IntroductiontoPublicAdministration","14"
"app/taxonomy/NetworkingCommunication","14"
"app/taxonomy/Substantive%20Law","14"
"app/taxonomy/Unit1GeneralPrinciplesofLaw","14"
"app/taxonomy/WANS","14"
"app/toc/do_113252997723701248123/overview","14"
"app/toc/do_113253022552432640127/single-page-view","14"
"app/users/7feb7a2c-2568-440c-adda-d3a6d53062de/details","14"
"app/workallocation/drafts;workorders=63ebf8f2-7884-46a8-847e-3eb32116808e","14"
"app/workallocation/published/326526f1-c879-4190-84ef-04acbc8505be","14"
"error-access-forbidden","14"
"viewer/pdf/do_11326360092554035218","14"
"viewer/pdf/do_113267844978089984114","14"
"viewer/pdf/do_113271240747532288174","14"
"viewer/pdf/do_1132933760447201281568","14"
"workspace-content-draft","14"
"app/discussion-forum/topic/12/job-openings-for-full-stack-developer","13"
"app/discussion/forum/all-discussions","13"
"app/profile/learning/time","13"
"app/taxonomy/Database%20Management%20System%20-%20MS%20Acess","13"
"app/taxonomy/MonetaryPolicyOpenEconomy","13"
"app/taxonomy/Unified%20Communication","13"
"app/taxonomy/UnitVSocialLegislationsSpecialLaws","13"
"app/toc/do_1131998292873625601506/overview","13"
"app/toc/do_11329806039205478411972/overview","13"
"app/workallocation/drafts/1822c87c-022e-4f01-a537-52fe479d0ce1","13"
"app/workallocation/drafts/a32836a5-ceea-47ce-bd65-70d0158ba410","13"
"app/workallocation/drafts/e0e91245-7b48-48d0-93e5-7c8f6c03a98a","13"
"error-service-unavailable","13"
"viewer/html/do_113252997723701248123","13"
"viewer/html/do_1133166091142103041335","13"
"app/careers/home/34","12"
"app/discussion-forum/discussion-forum","12"
"app/person-profile/81a4651e-81e5-42c1-8e71-7ec4d0e8e5e0","12"
"app/taxonomy/Contemporary%20legal%20Developments","12"
"app/taxonomy/EconomicsThought","12"
"app/taxonomy/Indian%20Economy","12"
"app/taxonomy/Law%20of%20Evidence%20and%20Alternate%20Dispute%20Resolution","12"
"app/taxonomy/Test%20-%20Level%204","12"
"app/taxonomy/Test%20-%20Level%205","12"
"app/taxonomy/UnitIIICriminalLawsSubstantive","12"
"app/toc/do_113169495905419264125/overview","12"
"app/toc/do_113258013370417152158/overview","12"
"app/toc/do_1132939981224673281773/overview","12"
"app/toc/do_11332359649609318412258/overview","12"
"app/workallocation/drafts/29fe6403-614e-4c00-9859-f8a59aa3b650","12"
"app/workallocation/drafts/2c223ad3-f2bd-41ba-bdae-2095fbf390b4","12"
"do_113258618243473408111","12"
"viewer/html/do_11328132828898099214494","12"
"viewer/quiz/do_1132934466871214081651","12"
"viewer/video/do_11328184165342412813","12"
"app/discussion-forum/topic/112/sample-test","11"
"app/discussion-forum/topic/35/testing","11"
"app/discussion-forum/topic/58/testing-discussion","11"
"app/discussion-forum/topic/81/test-discussion-post","11"
"app/goals/create/common","11"
"app/playlist/me/do_1132571358666424321111","11"
"app/taxonomy/Introduction%20to%20Economics","11"
"app/taxonomy/MonetaryPolicy-ConceptsandComponents","11"
"app/taxonomy/Principles%20of%20Macro%20Economics","11"
"app/taxonomy/TypingTutor","11"
"app/taxonomy/Unit%20VI%20:%20Basics%20of%20Law%20of%20Contracts%20and%20Law%20of%20Torts","11"
"app/toc/do_1132281448508538881279/overview","11"
"app/toc/do_11328114553668403214482/overview","11"
"app/toc/do_11329615663656140811202/overview","11"
"app/toc/do_11330239243299225613566/overview","11"
"app/workallocation/drafts/74693c1c-5930-4764-8950-0583a2a355c4","11"
"app/workallocation/drafts/b6021a87-0ad8-43b3-910e-83211220d516","11"
"app/workallocation/drafts/eff52849-95d9-428a-9d4c-37dad8ddc14d","11"
"discussion-forum/tags","11"
"viewer/pdf/do_1132585754674872321131","11"
"viewer/pdf/do_11329603124894105611105","11"
"app/discussion-forum/topic/19/what-is-all-discussion","10"
"app/roles/122/users;currentDept=MDO;roleId=122","10"
"app/taxonomy/Applications","10"
"app/taxonomy/Computer%20Fundamentals","10"
"app/taxonomy/Content%20Services","10"
"app/taxonomy/E-Governance","10"
"app/taxonomy/EmergingTechnologies","10"
"app/taxonomy/Financial%20Management","10"
"app/taxonomy/PrinciplesofMacroEconomics","10"
"app/taxonomy/UnitIIAdministrationofJustice","10"
"app/toc/do_11323389874149785611/overview","10"
"app/toc/do_113291872528351232180/overview","10"
"viewer/html/do_11327563066897203212062","10"
"viewer/html/do_1133166089567518721334","10"
"viewer/pdf/do_1132643235550658561144","10"
"viewer/quiz/do_11329809246632345612007","10"
"viewer/video/do_1132643234616279041142","10"
"app/careers/home/38/Recruitment%20Specialist","9"
"app/discuss/home/50","9"
"app/discussion-forum/topic/113/discussion-topic","9"
"app/discussion-forum/topic/60/helllo-testing","9"
"app/discussion-forum/topic/80/igot-demo1-testing","9"
"app/discussion/forum/tags","9"
"app/home/CBC/create-department;needAddAdmin=true","9"
"app/person-profile/10c08c46-d53a-44f2-8dc1-a1993691319b","9"
"app/playlist/me/do_11325701895378534411","9"
"app/roles/127/users;currentDept=CBC;roleId=127","9"
"app/taxonomy/BankRegulationsMonetaryPolicy","9"
"app/taxonomy/BasicsofEmergingTechnologies","9"
"app/taxonomy/CollaborationToolsMeetingsSolutions","9"
"app/taxonomy/GovernmentAccountingBudgetingPrinciples","9"
"app/taxonomy/GovernmentBudgetandFiscalPolicy","9"
"app/taxonomy/Socialcollaborationtoolsandmeetingssolutions","9"
"app/toc/do_1132572374117171201204/overview","9"
"app/toc/do_113268380105089024125/overview","9"
"app/toc/do_11330632101357158414067/single-page-view","9"
"app/users/87caed31-681a-4027-91ae-e250782dccb3/details","9"
"app/workallocation/drafts/49375862-8b8d-465a-99af-e08857bf185d","9"
"app/workallocation/drafts/ab48c583-2404-4eae-baaf-de09dfbdb8f7","9"
"discussion-forum/categories","9"
"do_11322384026198835216","9"
"viewer/html/do_113262901449310208176","9"
"viewer/html/do_113264226794135552161","9"
"viewer/html/do_11328132833495449614495","9"
"viewer/quiz/do_1132934848553861121665","9"
"viewer/quiz/do_1132940039317667841777","9"
"viewer/video/do_113258044263555072197","9"
"viewer/video/do_11326359533248512017","9"
"viewer/video/do_1132870303641518081125","9"
"viewer/youtube/do_113258618421018624115","9"
"app/approvals/48a0a00f-caca-4664-b044-0bb08fcb3321/to-approve","8"
"app/approvals/a573fb86-6a66-4546-b509-3bd233239b4e/to-approve","8"
"app/discuss/home/20","8"
"app/discuss/home/58","8"
"app/discussion-forum/category/6","8"
"app/discussion-forum/topic/1/welcome-to-your-nodebb","8"
"app/discussion-forum/topic/115/new-discussions","8"
"app/discussion-forum/topic/2/general-discussion","8"
"app/discussion-forum/topic/47/blog-test","8"
"app/discussion-forum/topic/63/check-testing-1","8"
"app/discussion/forum/my-discussion","8"
"app/discussion/forum/topic/80/igot-demo1-testing","8"
"app/goals/me/completed","8"
"app/person-profile/075e3a3f-1a56-4ea3-9042-c66e2288e60c","8"
"app/person-profile/5fd5b86d-1ed7-4d0d-b71d-3fc97a1bf92f","8"
"app/playlist/me/do_1132565147579432961109","8"
"app/profile/notification","8"
"app/roles/1/users;currentDept=SPV;roleId=1;depatName=Karmayogi%20Bharat","8"
"app/roles/124/users;currentDept=MDO;roleId=124;depatName=BIRCTC%20tourism","8"
"app/taxonomy/-ExaminespreadsheetconceptsandexploretheMicrosoftOfficeExcelenvironment","8"
"app/taxonomy/116","8"
"app/taxonomy/Administrative%20Law","8"
"app/taxonomy/Human%20Resource%20Management%20in%20Government","8"
"app/taxonomy/Meaning,%20Nature,%20Scope%20of%20PA","8"
"app/taxonomy/NaturePurposeofOrganisation","8"
"app/taxonomy/Principles%20of%20Management","8"
"app/taxonomy/Principles%20of%20Micro%20Economics","8"
"app/taxonomy/RightsandGoals","8"
"app/taxonomy/Spreadsheet%20%28MS-Excel%29","8"
"app/toc/do_11322391526612172818/overview","8"
"app/toc/do_11330818167169024014439/overview","8"
"app/users/48a0a00f-caca-4664-b044-0bb08fcb3321/details","8"
"app/workallocation/details/b738be2f-4216-4d01-a784-7c366a3a3a7c","8"
"app/workallocation/drafts/4157cdf2-0988-4c48-ba9a-472428449b66","8"
"app/workallocation/drafts/bff7f672-2bb3-4d24-95c2-528b9fc63122","8"
"app/workallocation/drafts/f8b8f285-1528-4d64-b7a4-abaf4f81151c","8"
"do_113258618421018624115","8"
"viewer/html/do_1132591335458816001107","8"
"viewer/html/do_1132591335954186241108","8"
"viewer/html/do_1132643236017848321145","8"
"viewer/html/do_11327563084609945612064","8"
"viewer/pdf/do_1132580842992107521104","8"
"viewer/pdf/do_11330788488937472014286","8"
"viewer/quiz/do_1132750186762813441432","8"
"viewer/quiz/do_11328133285267046414498","8"
"viewer/video/do_1132939859267747841770","8"
"workspace-content-create","8"
"app/approvals/0706093a-c811-494a-b963-9438f737439a/to-approve","7"
"app/approvals/81a4651e-81e5-42c1-8e71-7ec4d0e8e5e0/to-approve","7"
"app/careers/home/37/RITES%20Recruitment%202021","7"
"app/careers/home/55/Filling%20up%20the%20post%20of%20Financial%20Adviser%20%28JS%20level%29","7"
"app/discuss/home/33","7"
"app/discuss/home/35","7"
"app/discussion-forum/topic/21/testing-for-discussion-1","7"
"app/discussion-forum/topic/65/when-will-this-covid-pandemic-ends","7"
"app/discussion-forum/topic/83/covid-19-india-reports-3-29-lakh-new-cases-lowest-in-14-days","7"
"app/home/CBP/create-department;needAddAdmin=true","7"
"app/home/content-detail/do_113253165507895296153/overview","7"
"app/person-profile/1b945e91-f5e8-4217-a880-d28be3078016","7"
"app/person-profile/4bc5e2d9-f225-4706-bf95-01add169f5c1","7"
"app/playlist/me/do_1132571358666424321111/edit","7"
"app/playlist/me/do_1132613453503283201516","7"
"app/taxonomy/BasicsofNationalIncomeAccounting","7"
"app/taxonomy/ComputerFundamentals","7"
"app/taxonomy/ConceptsofLaw","7"
"app/taxonomy/ContemporaryIndianPolitics","7"
"app/taxonomy/Economic%20System:%20State%20and%20Market","7"
"app/taxonomy/HistoryofEconomic","7"
"app/taxonomy/IntroductiontoEconomics","7"
"app/taxonomy/MicroeconomicsandMacroeconomics","7"
"app/taxonomy/Modern%20History","7"
"app/taxonomy/Post-Independence%20History","7"
"app/taxonomy/ProverbsMaximsofPA","7"
"app/taxonomy/TransliterationandVoiceTyping","7"
"app/taxonomy/UnionExecutive","7"
"app/taxonomy/Working%20of%20Economy","7"
"app/toc/do_113253022654701568128/overview","7"
"app/toc/do_113254315729616896175/overview","7"
"app/toc/do_1132591768725995521133/overview","7"
"app/toc/do_113262901371633664175/single-page-view","7"
"app/toc/do_1132934842717388801661/overview","7"
"app/toc/do_11330604458646732813901/overview","7"
"app/toc/do_11330658348506316814076/overview","7"
"app/workallocation/drafts/a87d51a0-0326-4711-a6c1-3ed59ec0fc84","7"
"app/workallocation/drafts/d689b265-b2c4-4d1b-9b20-1eb48171c81f","7"
"app/workallocation/drafts/fd82b230-fd6c-4f4b-b713-a87271e98af4","7"
"app/workallocation/update/4bed8dfd-2992-434a-a007-21b66b406da8/906d89f1-9959-4f96-be00-14be1be903c5","7"
"sunbird-player-Endpage","7"
"viewer/audio/do_1132643235086417921143","7"
"viewer/html/do_1132925532805283841256","7"
"viewer/html/do_11330876777963520014717","7"
"viewer/pdf/do_113257933430104064124","7"
"viewer/pdf/do_113267845022613504115","7"
"viewer/pdf/do_113268495481536512143","7"
"viewer/pdf/do_11328133296567910414499","7"
"viewer/video/do_113258044197396480196","7"
"viewer/video/do_1132933759566069761566","7"
"workspace-content-inreview","7"
"UpForReview","6"
"app/approvals/05efcd20-b9cc-4d0a-b215-4be97d9c5622/to-approve","6"
"app/discuss/home/67","6"
"app/discussion-forum/topic/2/igot-integration-with-node-bb","6"
"app/discussion-forum/topic/45/how-do-we-test-the-ideas","6"
"app/goals/edit/me/do_1132170369357824001559","6"
"app/home/MDO/create-department;data=%7B%22action%22:%22Edit%22,%22row%22:%7B%22id%22:6,%22mdo%22:%22Agriculture%20Department%22,%22type%22:%22Board%22,%22user%22:4,%22head%22:%22test%22,%22typeid%22:3%7D%7D","6"
"app/person-profile/833d1fc5-f623-4695-98f9-c840104f3d1b","6"
"app/person-profile/8413f24e-c919-40ba-9a95-f489a08f1aa1","6"
"app/playlist/me/do_11325701895378534411/edit","6"
"app/profile/accountandpassword","6"
"app/profile/privacy","6"
"app/roles/115/users;currentDept=MDO;roleId=115;depatName=Network%20hub%20MDO","6"
"app/taxonomy/AdministrationofJustice","6"
"app/taxonomy/Basics%20of%20Demand%20and%20Supply","6"
"app/taxonomy/Freeware%20Linux","6"
"app/taxonomy/History%20of%20Economic","6"
"app/taxonomy/HistoryConcepts","6"
"app/taxonomy/MeaningNatureScopeofPA","6"
"app/taxonomy/Organisations","6"
"app/taxonomy/OverviewofFinancialStatements","6"
"app/taxonomy/Political%20Thoughts%20&%20Political%20Concepts","6"
"app/taxonomy/PrinciplesofMicroEconomics","6"
"app/toc/do_113258618287882240112/overview","6"
"app/toc/do_113272650337918976196/single-page-view","6"
"app/toc/do_1132741139642859521205/overview","6"
"app/toc/do_1132934463864832001649/overview","6"
"app/toc/do_11329603007908249611103/single-page-view","6"
"app/toc/do_11330334529715404813761/overview","6"
"app/toc/do_11331322169616793611/single-page-view","6"
"app/toc/do_113331562127818752112/overview","6"
"app/users/5095d9c5-1147-4d33-af58-301259bd5aa5/details","6"
"app/workallocation/drafts/02144de5-3b61-4ae7-8ea0-febe815bc6ed","6"
"app/workallocation/drafts/2889f26e-0484-4f05-bec4-615eea53cae8","6"
"app/workallocation/drafts/4a142984-9242-4d5a-bd6c-2f2967941fab","6"
"app/workallocation/drafts/5917de67-32e9-43fb-9316-3d0ebee4e7fb","6"
"app/workallocation/drafts/6abd971f-c5fd-496f-b29b-aa32e605aec3","6"
"app/workallocation/drafts/6e0c0140-4090-4166-9948-5898feb5ad44","6"
"app/workallocation/drafts/a43ec1ff-1e30-44e6-b4c5-bfb5bf3e8431","6"
"app/workallocation/drafts/dc691955-adaa-477e-995b-40fe8ee588ee","6"
"app/workallocation/update/4157cdf2-0988-4c48-ba9a-472428449b66/5f470b5d-5b21-4f0f-a541-da8ed5ebe1b6","6"
"author/confirmation","6"
"discussion-forum","6"
"do_1131878893796638721311","6"
"do_11322314365176217613","6"
"do_11330876777963520014717","6"
"do_11331824819181977611523","6"
"upload-content","6"
"viewer/audio/do_1132933760003768321567","6"
"viewer/pdf/do_113264226703032320159","6"
"viewer/pdf/do_1132910283831541761522","6"
"viewer/pdf/do_1132939861477457921772","6"
"viewer/video/do_11330394272857292813801","6"
"viewer/video/do_11331824762536755211518","6"
"viewer/youtube/do_113258618376028160114","6"
"workspace-content-allcontent","6"
"app/approvals/fa13f3b4-4c09-405a-8f3b-f3bd31852146/to-approve","5"
"app/discuss/categories","5"
"app/discuss/home/59","5"
"app/discussion-forum/category/10","5"
"app/discussion-forum/category/7","5"
"app/discussion-forum/topic/111/testing-widget-part-2","5"
"app/discussion-forum/topic/41/new-discussion","5"
"app/discussion-forum/topic/86/test-post","5"
"app/person-profile/48a0a00f-caca-4664-b044-0bb08fcb3321","5"
"app/person-profile/dcb8b4d7-4244-4822-b453-2cacf0e02aa6","5"
"app/person-profile/f3fc7f7c-45d8-473e-aa7d-eca3cd1b79c2","5"
"app/roles/125/users;currentDept=MDO;roleId=125;depatName=mdo%20check%20test","5"
"app/roles/130/users;currentDept=CBC;roleId=130;depatName=CBC%20demo","5"
"app/roles/48/users;currentDept=MDO;roleId=48","5"
"app/roles/EDITOR/users","5"
"app/roles/IFUMember/users","5"
"app/taxonomy/Data%20Inputs","5"
"app/taxonomy/DataSystems","5"
"app/taxonomy/EnvironmentClimateChange","5"
"app/taxonomy/InternationalTrade","5"
"app/taxonomy/PeasantLabourMovements","5"
"app/taxonomy/PoliticsAdministrationDichotomy","5"
"app/taxonomy/Presentation%20%28MS-powerpoint%29","5"
"app/taxonomy/PrinciplesofManagementofOrganizations","5"
"app/taxonomy/SubstantiveLaw","5"
"app/taxonomy/Typing%20Tutor","5"
"app/taxonomy/Unit_II___Administration_of_Justice","5"
"app/taxonomy/Word%20Processing%20%28MS-Word%29","5"
"app/taxonomy/WorkingofEconomy","5"
"app/toc/do_1131821343317606401119/overview","5"
"app/toc/do_1131878542159544321300/overview","5"
"app/toc/do_113253027640844288129/overview","5"
"app/toc/do_113253047257112576135/overview","5"
"app/toc/do_1132571733089320961145/overview","5"
"app/toc/do_1132573155129425921231/overview","5"
"app/toc/do_113258034062745600180/overview","5"
"app/toc/do_1132585753022873601128/single-page-view","5"
"app/toc/do_113258618243473408111/overview","5"
"app/toc/do_1132749893870714881426/overview","5"
"app/toc/do_11330833005059276814557/overview","5"
"app/users/10c08c46-d53a-44f2-8dc1-a1993691319b/details","5"
"app/workallocation/create/29fe6403-614e-4c00-9859-f8a59aa3b650","5"
"app/workallocation/details/03bc4144-1150-43dc-ad8c-d8cb264157ce","5"
"app/workallocation/details/10c08c46-d53a-44f2-8dc1-a1993691319b","5"
"app/workallocation/details/c2e0bdea-b606-4230-bf9f-60fff110e722","5"
"app/workallocation/details/cc312e61-f452-48cf-ae39-d3eab289c562","5"
"app/workallocation/drafts/0a5e987f-8a62-4857-93fc-2027dd00b542","5"
"app/workallocation/drafts/1eba6cc7-8246-4946-b53d-7a78d0056346","5"
"app/workallocation/drafts/21a0afc6-e7b4-4957-874c-571595495150","5"
"app/workallocation/drafts/34411944-3853-4ce5-ad57-69f33012e046","5"
"app/workallocation/drafts/88cdf4d7-31d4-4b6f-b96f-fc453253d61f","5"
"app/workallocation/drafts/92fed577-208d-4788-acba-1e9ce9707011","5"
"app/workallocation/drafts/a368cec9-50e2-475f-b466-6a4c66903423","5"
"app/workallocation/drafts/c7332885-33f7-4805-8c34-f4cb33c12caa","5"
"app/workallocation/drafts/ccee2bc0-ed41-452c-af92-e3363681cdb0","5"
"app/workallocation/drafts/e562af01-9010-4af5-b4b6-2b113f6f70ca","5"
"app/workallocation/drafts/f029a57a-287f-4559-9765-a23f4f222e05","5"
"app/workallocation/published/dd6f9ae5-74ed-4271-98b6-63af64ef95bf","5"
"app/workallocation/update/2c223ad3-f2bd-41ba-bdae-2095fbf390b4/40d828af-842a-4611-84c9-ebde8f323e9c","5"
"app/workallocation/update/74693c1c-5930-4764-8950-0583a2a355c4/ad646a2d-d01e-456f-8029-422e6a3b566c","5"
"app/workallocation/update/f8b8f285-1528-4d64-b7a4-abaf4f81151c/5edbc5af-7f26-428c-a2be-b76016d28f71","5"
"discussion-forum/my-discussion","5"
"discussion-forum/topic/2/india-logs-3-29-942-coronavirus-cases-in-past-24-hours-karnataka-tops-chart-with-most-infections","5"
"do_1131878608298229761304","5"
"upForReview-content-player","5"
"viewer/html/do_113169495905419264125","5"
"viewer/html/do_11326360179540787219","5"
"viewer/html/do_1132643236491345921146","5"
"viewer/html/do_11327559953721753611676","5"
"viewer/pdf/do_113267909538406400119","5"
"viewer/pdf/do_11329603118945075211104","5"
"viewer/pdf/do_113313065498853376154","5"
"viewer/quiz/do_1132643236981555201147","5"
"app/discuss/home/32","4"
"app/discuss/tags","4"
"app/discussion-forum%3Fpage%3Dhome","4"
"app/discussion-forum/topic/33/hello-testing","4"
"app/discussion-forum/topic/43/hello-testing","4"
"app/discussion-forum/topic/46/how-to-use-the-app","4"
"app/discussion-forum/topic/50/testing-my-discussion","4"
"app/discussion-forum/topic/57/hello-comments-and-feedback","4"
"app/discussion-forum/topic/59/one","4"
"app/discussion-forum/topic/72/sam-s-first-post","4"
"app/discussion/forum/topic/81/test-discussion-post","4"
"app/goals/edit/me/do_1132571358666424321111","4"
"app/person-profile/051e8cf1-619e-4df9-bac9-62eb904757ec","4"
"app/person-profile/8a5e1f65-d167-41b5-9905-dc220e5bba01","4"
"app/person-profile/a18d93da-4a67-483e-96ee-d3d53e499f80","4"
"app/person-profile/cc0c1749-4c47-49c8-9f46-2bbdd42ef877","4"
"app/playlist/me/do_1132565147579432961109/edit","4"
"app/roles/115/users;currentDept=MDO;roleId=115","4"
"app/roles/118/users;currentDept=MDO;roleId=118;depatName=mdovscbp","4"
"app/roles/119/users;currentDept=MDO;roleId=119;depatName=Test%20CBP%20","4"
"app/roles/121/users;currentDept=CBP;roleId=121;depatName=Ministry%20of%20communication","4"
"app/roles/121/users;currentDept=MDO;roleId=121","4"
"app/taxonomy/-BankRegulationsMonetaryPolicy","4"
"app/taxonomy/Bureaucracy","4"
"app/taxonomy/Contemporary_legal_Developments","4"
"app/taxonomy/Data%20Normalization","4"
"app/taxonomy/Email","4"
"app/taxonomy/Financial%20Planning%20&%20Budgeting%20","4"
"app/taxonomy/Indian%20Political%20System","4"
"app/taxonomy/Leadership","4"
"app/taxonomy/Monopoly%20and%20International%20Trade","4"
"app/taxonomy/Nature%20&%20Purpose%20of%20Organisation","4"
"app/taxonomy/Politics%20&%20Administration%20Dichotomy","4"
"app/taxonomy/PrinciplesofManagement","4"
"app/taxonomy/Proverbs%20&%20Maxims%20of%20PA","4"
"app/taxonomy/RegionalLanguagesInput","4"
"app/taxonomy/Rules%20and%20Regulations","4"
"app/taxonomy/SocialNetworking","4"
"app/taxonomy/SoftwareDevelopmentModel","4"
"app/taxonomy/Standalone%20Office%20Applications","4"
"app/taxonomy/Structure%20of%20Constitutional","4"
"app/taxonomy/ToolsofMonetaryPolicy","4"
"app/taxonomy/Unit_1___General_Principles_of_Law","4"
"app/taxonomy/Unit_IV___Procedural_Laws__Civil_and_Criminal_","4"
"app/taxonomy/What%20is%20Economics%3F%20Why%20is%20it%20Important","4"
"app/taxonomy/World%20History","4"
"app/toc/do_113175082501988352174/overview","4"
"app/toc/do_113253156577140736150/overview","4"
"app/toc/do_113253164370092032152/single-page-view","4"
"app/toc/do_113253165507895296153/single-page-view","4"
"app/toc/do_113257007761104896131/overview","4"
"app/toc/do_1132572150107996161175/overview","4"
"app/toc/do_1132573073655480321228/overview","4"
"app/toc/do_113257907311632384117/overview","4"
"app/toc/do_113258025751863296173/overview","4"
"app/toc/do_113258044096110592195/single-page-view","4"
"app/toc/do_113258618331938816113/overview","4"
"app/toc/do_11326711517301964818/overview","4"
"app/toc/do_113271240593137664173/single-page-view","4"
"app/toc/do_1132748992682885121378/overview","4"
"app/toc/do_11327558122260889611675/single-page-view","4"
"app/workallocation/create/a32836a5-ceea-47ce-bd65-70d0158ba410","4"
"app/workallocation/create;workorder=","4"
"app/workallocation/details/55111b99-f266-4657-8f53-2074912ae287","4"
"app/workallocation/drafts/1d5f8113-3a32-495b-9673-b86c9c846ca6","4"
"app/workallocation/drafts/326526f1-c879-4190-84ef-04acbc8505be","4"
"app/workallocation/drafts/76464ad9-ff4a-4f61-9c32-bde9dfa7fc96","4"
"app/workallocation/drafts/7deb1897-33a5-46b3-9cb8-4cb4dec91335","4"
"app/workallocation/drafts/80448467-c168-4879-a454-27778b2cacbb","4"
"app/workallocation/drafts/811bebe8-332d-4569-9372-e5ed85b7b448","4"
"app/workallocation/drafts/84a1e265-d2d8-4f08-a203-cb528d598bcb","4"
"app/workallocation/drafts/b0b44113-7d02-4d53-a29d-6eb671a14359","4"
"app/workallocation/drafts/b5f86ad1-9d6c-4a71-8834-f83a4c9b49da","4"
"app/workallocation/drafts/bb0f9127-b7a9-4505-9cb4-5b0a676748fe","4"
"app/workallocation/drafts/cd876403-cebb-4921-a827-8ac392c524ea","4"
"app/workallocation/drafts/e9358714-5889-4e20-a8f0-9efd0fac25d1","4"
"app/workallocation/drafts;workorders=29fe6403-614e-4c00-9859-f8a59aa3b650","4"
"app/workallocation/list","4"
"app/workallocation/published/3b6d49df-33a0-4497-ac9d-a6cdb5ddcd6f","4"
"app/workallocation/published/a43ec1ff-1e30-44e6-b4c5-bfb5bf3e8431","4"
"app/workallocation/published/e9358714-5889-4e20-a8f0-9efd0fac25d1","4"
"app/workallocation/update/76464ad9-ff4a-4f61-9c32-bde9dfa7fc96/2c4810fe-4116-45fc-9fab-c2bd93154eda","4"
"app/workallocation/update/a32836a5-ceea-47ce-bd65-70d0158ba410/02a7fbb6-8ca8-4ba5-8272-3c8eb63736cf","4"
"do_1131879194007306241324","4"
"do_11327569564853862413188","4"
"do_11332280724878950411831","4"
"profile-read","4"
"viewer/audio/do_11329598058500915211090","4"
"viewer/audio/do_11331824772028006411520","4"
"viewer/html/do_1131998292873625601506","4"
"viewer/html/do_1132585755234959361132","4"
"viewer/html/do_1132726505227141121100","4"
"viewer/html/do_1132933760903086081569","4"
"viewer/html/do_1132933761348567041570","4"
"viewer/pdf/do_1132591334989086721106","4"
"viewer/pdf/do_1132751311533588481460","4"
"viewer/pdf/do_11331824782766899211521","4"
"viewer/quiz/do_113267911994802176120","4"
"viewer/quiz/do_113271299263791104175","4"
"viewer/quiz/do_11330394865293721613802","4"
"viewer/video/do_11331322193728307213","4"
"viewer/youtbe/do_11330876777963520014717","4"
"app/approvals/3c9f3ecf-4a25-418d-87ca-98e3fb1a4aaf/to-approve","3"
"app/careers/home/52/Check","3"
"app/discuss/Political%20Science","3"
"app/discuss/home/28","3"
"app/discuss/home/65","3"
"app/discuss/home/77","3"
"app/discussion-forum/category/21","3"
"app/discussion-forum/topic/106/testing-more-widget","3"
"app/discussion-forum/topic/2/india-logs-3-29-942-coronavirus-cases-in-past-24-hours-karnataka-tops-chart-with-most-infections","3"
"app/discussion-forum/topic/5/how-to-add-users-in-nodebb","3"
"app/discussion-forum/topic/6/testing-tag-selection","3"
"app/discussion-forum/topic/61/this-is-sample-for-testing","3"
"app/discussion-forum/topic/64/testing-comments-and-feedback","3"
"app/discussion-forum/topic/70/hello-testing-12099","3"
"app/discussion-forum/topic/73/sam-s-first-post-is-the-hello-your-s","3"
"app/discussion-forum/topic/76/checking-recent-tab-123","3"
"app/discussion-forum/topic/89/test-discussion","3"
"app/discussion/forum/category/1","3"
"app/discussion/forum/category/2","3"
"app/event-hub/home/1","3"
"app/events/create-event","3"
"app/goals/edit/me/do_1132613527722147841518","3"
"app/home/directory;department=CBC","3"
"app/home/directory;department=CBP","3"
"app/person-profile/185b452c-a8c6-4a79-a5fd-8c9c5a243ec5","3"
"app/person-profile/2747812d-7acf-4d0a-8a1b-051677cebb28","3"
"app/person-profile/30aa2c82-bf2b-4699-b53f-39caeddfd6fe","3"
"app/person-profile/75f714fa-afbe-4b67-9cad-de4a65683245","3"
"app/person-profile/83b3ef31-c401-45de-9320-a65f305cbe74","3"
"app/person-profile/90074749-b4b6-4d3a-b715-ff1b114d8349","3"
"app/person-profile/a573fb86-6a66-4546-b509-3bd233239b4e","3"
"app/person-profile/bf592846-0d98-4ede-904c-ceac7a920754","3"
"app/playlist/me/do_113257975003095040127","3"
"app/playlist/me/do_1132591595730452481114","3"
"app/roles/117/users;currentDept=MDO;roleId=117;depatName=Ministry%20of%20Roadways","3"
"app/roles/121/users;currentDept=MDO;roleId=121;depatName=Ministry%20of%20communication","3"
"app/roles/124/users;currentDept=CBP;roleId=124;depatName=BIRCTC%20tourism","3"
"app/roles/125/users;currentDept=CBP;roleId=125;depatName=mdo%20check%20test","3"
"app/roles/135/users;currentDept=undefined;roleId=135","3"
"app/roles/38/users;currentDept=CBP;roleId=38","3"
"app/roles/48/users;currentDept=MDO;roleId=48;depatName=KarthikTestCBP","3"
"app/roles/50/users;currentDept=MDO;roleId=50","3"
"app/roles/50/users;currentDept=MDO;roleId=50;depatName=UDEMY","3"
"app/roles/56/users;currentDept=CBP;roleId=56","3"
"app/roles/56/users;currentDept=MDO;roleId=56;depatName=IFS","3"
"app/roles/6/users;currentDept=CBP;roleId=6;depatName=Agriculture%20Department","3"
"app/roles/7/users;currentDept=MDO;roleId=7;depatName=FRAC","3"
"app/roles/MDO%20ADMIN/users","3"
"app/search/home","3"
"app/taxonomy/-Enter%20and%20edit%20data.","3"
"app/taxonomy/-RBIandMonetaryPolicy","3"
"app/taxonomy/An%20overview%20of%20Economic%20Systems","3"
"app/taxonomy/AncientHistory","3"
"app/taxonomy/Approaches%20to%20PA","3"
"app/taxonomy/Basics%20of%20Computer","3"
"app/taxonomy/BasicsofComputer","3"
"app/taxonomy/CloudOffice","3"
"app/taxonomy/Cloudm%20Mobile%20computing","3"
"app/taxonomy/Competency%20Based%20HRM%20%E2%80%93%20Applications%20in%20Government%20","3"
"app/taxonomy/Concept%20of%20Database%20Management","3"
"app/taxonomy/Constituion%20&%20Administrative%20Law","3"
"app/taxonomy/Contemporary%20Indian%20Politics","3"
"app/taxonomy/Cost%20of%20Production%20and%20Perfect%20Competition.","3"
"app/taxonomy/Data%20Types","3"
"app/taxonomy/Database%20Design","3"
"app/taxonomy/DatabaseManagementSystem-MSAcess","3"
"app/taxonomy/Fiscal%20Policy","3"
"app/taxonomy/How%20well%20GDP%20measures%20the%20well-being%20of%20society%3F","3"
"app/taxonomy/HowIndividualsmakechoic","3"
"app/taxonomy/IndianEconomy","3"
"app/taxonomy/IndianPoliticalSystem","3"
"app/taxonomy/International%20Trade","3"
"app/taxonomy/Key%20themes%20of%20Constituion","3"
"app/taxonomy/Market","3"
"app/taxonomy/Market%20Failure","3"
"app/taxonomy/MicroeconomicPerspective","3"
"app/taxonomy/Microeconomics%20and%20Macroeconomics","3"
"app/taxonomy/Money%20&%20Banking","3"
"app/taxonomy/PoliticalThoughtsPoliticalConcepts","3"
"app/taxonomy/Quantitative%20Analysis%20for%20Decision%20Making%20%28QADM%29","3"
"app/taxonomy/Rights%20and%20Goals","3"
"app/taxonomy/Software%20Development%20Model","3"
"app/taxonomy/StandaloneOfficeApplications","3"
"app/taxonomy/Test-Level2","3"
"app/taxonomy/Transliteration%20and%20Regional%20Languages%20Input","3"
"app/taxonomy/UnitVIBasicsofLawofContractsandLawofTorts","3"
"app/taxonomy/Unit_V___Social_Legislations_Special_Laws","3"
"app/taxonomy/Voice%20Typing","3"
"app/taxonomy/WordProcessingMS-Word","3"
"app/toc/do_1131878542159544321300/single-page-view","3"
"app/toc/do_11322384026198835216/overview","3"
"app/toc/do_113253047257112576135/single-page-view","3"
"app/toc/do_113253161426534400151/overview","3"
"app/toc/do_113254335235096576190/overview","3"
"app/toc/do_1132571729370316801144/overview","3"
"app/toc/do_1132572193855160321184/overview","3"
"app/toc/do_113258010563207168152/overview","3"
"app/toc/do_113258044263555072197/overview","3"
"app/toc/do_113258654791024640129/overview","3"
"app/toc/do_1132591448600903681109/overview","3"
"app/toc/do_1132591766258237441128/overview","3"
"app/toc/do_1132656963757260801194/single-page-view","3"
"app/toc/do_1132669522290032641217/overview","3"
"app/toc/do_1132750186762813441432/overview","3"
"app/toc/do_1132751527955906561774/overview","3"
"app/toc/do_11327554594099200011099/overview","3"
"app/toc/do_11327564476476620812301/overview","3"
"app/toc/do_11327568088979046412946/overview","3"
"app/toc/do_113284069815042048136/overview","3"
"app/toc/do_113284070692347904138/single-page-view","3"
"app/toc/do_113286264429240320185/overview","3"
"app/toc/do_1132926269735157761331/overview","3"
"app/toc/do_11330230924436275213529/overview","3"
"app/toc/do_11330537336139776013824/overview","3"
"app/toc/do_11330753283283353614234/single-page-view","3"
"app/toc/do_1133166089567518721334/overview","3"
"app/toc/do_1133166091142103041335/overview","3"
"app/users/447772e5-6aab-470b-8052-fc22abc2616b/details","3"
"app/workallocation/create/2889f26e-0484-4f05-bec4-615eea53cae8","3"
"app/workallocation/create/a43ec1ff-1e30-44e6-b4c5-bfb5bf3e8431","3"
"app/workallocation/create/b6021a87-0ad8-43b3-910e-83211220d516","3"
"app/workallocation/details/080c60f2-1d8f-45a1-a920-cb7dd610fc18","3"
"app/workallocation/details/17fd6523-4a1d-422e-8fe2-b76c3cba1faa","3"
"app/workallocation/details/61819a23-5af3-484f-bf51-3f50ee418161","3"
"app/workallocation/details/eecc047c-ee46-4463-929e-de99a2c81496","3"
"app/workallocation/drafts/2b4d205d-6108-4c02-a53f-37900923e983","3"
"app/workallocation/drafts/2c54525c-af34-4b22-bf52-ad97e3c390d1","3"
"app/workallocation/drafts/3bb05e89-9dba-4d06-be1e-773eb36176e8","3"
"app/workallocation/drafts/41a30432-87c3-430a-b868-b10887b09191","3"
"app/workallocation/drafts/569d8264-7354-4f17-8767-945c66f87384","3"
"app/workallocation/drafts/64a686d7-1904-4e31-a6c9-7cbe1c73e53d","3"
"app/workallocation/drafts/7107f39f-60fc-44ec-95e0-2c07675d1b59","3"
"app/workallocation/drafts/7a1a05f2-eac6-471a-9b4e-1652746d8886","3"
"app/workallocation/drafts/984f9c9f-b45c-4b0f-8e8b-0f85b81d3751","3"
"app/workallocation/drafts/9ad84b0f-a031-4662-95f8-d69c56db9881","3"
"app/workallocation/drafts/a87db2e8-e09f-474f-a700-65391f1d1ffc","3"
"app/workallocation/drafts/e1fbad4a-40cf-4294-82ee-9b681eda2030","3"
"app/workallocation/drafts/e4c99887-f737-4faa-a28f-afb266cad0bb","3"
"app/workallocation/drafts/e6c742eb-436c-45c3-9993-344e75e9e7ed","3"
"app/workallocation/published/9ad84b0f-a031-4662-95f8-d69c56db9881","3"
"app/workallocation/published/b29b96eb-9049-499b-a1dd-0963601da1e1","3"
"app/workallocation/published/f22333fd-bfa7-4d57-ba5c-17653ef9528c","3"
"app/workallocation/published/fd82b230-fd6c-4f4b-b713-a87271e98af4","3"
"app/workallocation/published;workorders=Work%20Order%20:%20NHTest","3"
"app/workallocation/published;workorders=Work%20Order%20:%20NHTest%202","3"
"app/workallocation/published;workorders=d97e4690-a23f-44d4-bbd9-d8b0b451c17d","3"
"app/workallocation/update/4bed8dfd-2992-434a-a007-21b66b406da8/44d36393-fe4e-41b0-9536-19a3ce87af07","3"
"app/workallocation/update/6e0c0140-4090-4166-9948-5898feb5ad44/b0943850-260a-4316-894a-cfa0a581ce62","3"
"app/workallocation/update/cd876403-cebb-4921-a827-8ac392c524ea/f160e505-3c18-458f-a902-e7f647b72803","3"
"assets/configurations/localhost_3000/files/published.pdf","3"
"author/content-detail/do_113253165507895296153","3"
"author/create","3"
"author/home","3"
"create-study-material","3"
"do_11322384031952076817","3"
"page/competencies","3"
"viewer/audio/do_11329809228024217612005","3"
"viewer/html/do_1131821343317606401119","3"
"viewer/html/do_1132580842393190401103","3"
"viewer/html/do_11331824793488588811522","3"
"viewer/pdf/do_1132751515711488001694","3"
"viewer/pdf/do_11329809210981580812003","3"
"viewer/pdf/do_11330658365640704014077","3"
"viewer/pdf/do_11330816522374348814417","3"
"viewer/quiz/do_1132934469317509121652","3"
"viewer/quiz/do_1132939860159283201771","3"
"viewer/quiz/do_11331322271297536017","3"
"viewer/video/do_1132591334083133441104","3"
"viewer/video/do_1132664124849192961213","3"
"viewer/video/do_113272650388758528197","3"
"viewer/video/do_11327554594099200011099","3"
"viewer/video/do_11329598174859264011091","3"
"viewer/video/do_11329809218321612812004","3"
"workspace-create-lesson","3"
"DraftContent","2"
"app/approvals/ba20fe31-7ca3-463c-9232-fced73b59820/to-approve","2"
"app/careers/home/49/checking-1","2"
"app/discuss/home/14","2"
"app/discuss/home/46","2"
"app/discussion-forum/category/20","2"
"app/discussion-forum/category/51","2"
"app/discussion-forum/category/57","2"
"app/discussion-forum/category/64","2"
"app/discussion-forum/topic/129/sample","2"
"app/discussion-forum/topic/3/covid-19-india-reports-3-29-lakh-new-cases-lowest-in-14-days","2"
"app/discussion-forum/topic/30/helloo00000","2"
"app/discussion-forum/topic/40/digitalisation-of-apars-in-respect-of-css-officers","2"
"app/discussion-forum/topic/44/new-discussion","2"
"app/discussion-forum/topic/51/test-the-tags-deletion","2"
"app/discussion-forum/topic/53/12345678","2"
"app/discussion-forum/topic/59","2"
"app/discussion-forum/topic/69/hello-testing-1234","2"
"app/discussion-forum/topic/78/covid-cases","2"
"app/discussion-forum/topic/88/why-discussion-forum","2"
"app/discussion-forum/topic/90/question-smaple","2"
"app/discussion-forum/topic/97/testing-multiple-topics","2"
"app/discussion/forum/category/4","2"
"app/discussion/forum/topic/77/testing-124","2"
"app/feedback/platform_feedback","2"
"app/goals/edit/me/do_113178460997083136196","2"
"app/goals/edit/me/do_1132585949420830721147","2"
"app/goals/edit/me/do_113261560582578176113","2"
"app/goals/others","2"
"app/home/CBC/create-department;data=%7B%22action%22:%22Edit%22,%22row%22:%7B%22id%22:127,%22mdo%22:%22Capacity%20Building%20Commission%22,%22type%22:%22Department%22,%22user%22:2,%22head%22:%22Bangalore%20%22,%22typeid%22:9%7D%7D","2"
"app/home/about","2"
"app/home/content-detail/do_113253168068935680154/overview","2"
"app/home/content-detail/do_1132565793850982401111/overview","2"
"app/home/content-detail/do_1132585753022873601128/overview","2"
"app/home/undefined/create-department;needAddAdmin=true","2"
"app/person-profile/01f2f658-d350-4733-82de-23464912afb4","2"
"app/person-profile/05efcd20-b9cc-4d0a-b215-4be97d9c5622","2"
"app/person-profile/0706093a-c811-494a-b963-9438f737439a","2"
"app/person-profile/17055961-841b-4f15-b266-c5ac84f66383","2"
"app/person-profile/1f178c61-ace2-4512-ab8f-72540302b01a","2"
"app/person-profile/3557dc21-d01d-4abf-9494-9ee8b52c3c39","2"
"app/person-profile/447772e5-6aab-470b-8052-fc22abc2616b","2"
"app/person-profile/46f41cf5-2a5f-4ed1-8144-b0fed0f06254","2"
"app/person-profile/49619126-2654-46cb-8a9c-74293c80dc0c","2"
"app/person-profile/4ecbb51d-df16-42c8-89da-06867da9e97e","2"
"app/person-profile/61765bc1-46c4-4eb0-8a6d-60a7a12e7d96","2"
"app/person-profile/7f309ddf-bd00-43d5-87a3-7953c768aa82","2"
"app/person-profile/83a5cc86-20fd-4512-9dc7-9b47ea2cd059","2"
"app/person-profile/af7ee6ca-5ea3-40d6-9219-962e4b792f3a","2"
"app/playlist/me/do_113257935426011136126","2"
"app/playlist/me/do_113257975003095040127/edit","2"
"app/playlist/me/do_1132591595730452481114/edit","2"
"app/playlist/me/do_1132613453503283201516/edit","2"
"app/roles/116/users;currentDept=MDO;roleId=116","2"
"app/roles/116/users;currentDept=MDO;roleId=116;depatName=New%20NHTest","2"
"app/roles/123/users;currentDept=MDO;roleId=123;depatName=AMinistry%20MDO","2"
"app/roles/126/users;currentDept=MDO;roleId=126;depatName=Mdo%20test%20one","2"
"app/roles/133/users;currentDept=MDO;roleId=133;depatName=upper%20test","2"
"app/roles/139/users;currentDept=MDO;roleId=139;depatName=Department%20for%20Tarento%20demo","2"
"app/roles/3/users;currentDept=MDO;roleId=3;depatName=JPAL","2"
"app/roles/59/users;currentDept=MDO;roleId=59;depatName=CBI%20Academy","2"
"app/roles/7/users;currentDept=MDO;roleId=7","2"
"app/roles/Member/users","2"
"app/roles/REVIEWER/users","2"
"app/taxonomy/%20Rule%20of%20Law","2"
"app/taxonomy/%255Bobject%2520Object%255D","2"
"app/taxonomy/%5Bobject%20Object%5D","2"
"app/taxonomy/-%20Spreadsheet%20basics","2"
"app/taxonomy/-Examine%20spreadsheet%20concepts%20and%20explore%20the%20Microsoft%20Office%20Excel%20environment.","2"
"app/taxonomy/Administration_of_Justice","2"
"app/taxonomy/AdministrativeLaw","2"
"app/taxonomy/AnoverviewofEconomicSystems","2"
"app/taxonomy/ApproachestoPA","2"
"app/taxonomy/Civil%20&%20criminal%20Courts","2"
"app/taxonomy/Computer%20Networking","2"
"app/taxonomy/Computer%20Packages%20for%20Optimization%20problems","2"
"app/taxonomy/Concept%20of%20equality","2"
"app/taxonomy/ConceptofDatabaseManagement","2"
"app/taxonomy/ConceptofState","2"
"app/taxonomy/Constituional%20Remedies","2"
"app/taxonomy/Constitutional%20in%20Politics,%20economics%20&%20governance","2"
"app/taxonomy/ConstitutionalinPoliticseconomicsgovernance","2"
"app/taxonomy/Constitutionalism%20&%20Role%20of%20government,","2"
"app/taxonomy/Contemporary%20Legal%20Developments","2"
"app/taxonomy/ContemporarylegalDevelopments","2"
"app/taxonomy/CostofProductionandPerfectCompetition","2"
"app/taxonomy/CyberSecurity","2"
"app/taxonomy/Data%20Analysis%20&%20Interpretation","2"
"app/taxonomy/Data%20Systems","2"
"app/taxonomy/Database%20management","2"
"app/taxonomy/Databasemanagement","2"
"app/taxonomy/Directive%20Principles%20of%20State%20Policy","2"
"app/taxonomy/EnvironmentClimateChangeinIndia","2"
"app/taxonomy/Fundamental%20Rights","2"
"app/taxonomy/Fundamental%20freedoms","2"
"app/taxonomy/Government%20Budget%20and%20Fiscal%20Policy","2"
"app/taxonomy/GovernmentPolicies","2"
"app/taxonomy/HumanResourceManagementinGovernment","2"
"app/taxonomy/Hypothesis%20Testing","2"
"app/taxonomy/Introduction%20to%20Powerpoint","2"
"app/taxonomy/MarketEquilibrium","2"
"app/taxonomy/Mediation","2"
"app/taxonomy/MedievalHistory","2"
"app/taxonomy/ModernHistory","2"
"app/taxonomy/Monetary%20Policy%20and%20Bank%20Regulation","2"
"app/taxonomy/Monetary%20Policy%20and%20Economic%20Outcomes","2"
"app/taxonomy/Monetary%20PolicyOpen%20Economy","2"
"app/taxonomy/Negotiation","2"
"app/taxonomy/New%20Public%20Management","2"
"app/taxonomy/OfficeManagement","2"
"app/taxonomy/Open%20Economy","2"
"app/taxonomy/OpenSourcesoftware","2"
"app/taxonomy/Organisational%20Behavior","2"
"app/taxonomy/PerformanceManagementinPublicSector","2"
"app/taxonomy/Post-IndependenceHistory","2"
"app/taxonomy/Presentation","2"
"app/taxonomy/Principles%20governing%20the%20executive","2"
"app/taxonomy/Proprietary%20software","2"
"app/taxonomy/Proprietarysoftware","2"
"app/taxonomy/Protection%20&%20Prohibition%20","2"
"app/taxonomy/Regional%20Languages%20Input,","2"
"app/taxonomy/Retrieval%20&%20Reporting","2"
"app/taxonomy/Social%20Marketing%20","2"
"app/taxonomy/Sources%20and%20Definitions%20of%20Law","2"
"app/taxonomy/Spreadsheet","2"
"app/taxonomy/Test-Level3","2"
"app/taxonomy/The%20Macroeconomic%20Perspective","2"
"app/taxonomy/Union%20Executive","2"
"app/taxonomy/WorldHistory","2"
"app/taxonomy/apptaxonomyTest-Level1","2"
"app/taxonomy/undefined","2"
"app/toc/do_113163732887527424185/overview","2"
"app/toc/do_11317011342093516811/overview","2"
"app/toc/do_1131878608298229761304/overview","2"
"app/toc/do_11322314340196352011/overview","2"
"app/toc/do_113253168068935680154/single-page-view","2"
"app/toc/do_113253638625255424162/overview","2"
"app/toc/do_113257999462244352138/overview","2"
"app/toc/do_1132580841228042241102/single-page-view","2"
"app/toc/do_1132580843707269121105/overview","2"
"app/toc/do_113258618421018624115/overview","2"
"app/toc/do_1132591333532631041103/single-page-view","2"
"app/toc/do_1132591334083133441104/overview","2"
"app/toc/do_11326141687451648012/overview","2"
"app/toc/do_113262901449310208176/overview","2"
"app/toc/do_11326704722198528013/overview","2"
"app/toc/do_113267844924088320113/single-page-view","2"
"app/toc/do_113267908873437184118/single-page-view","2"
"app/toc/do_113268383372009472127/overview","2"
"app/toc/do_113268495481536512143/overview","2"
"app/toc/do_113271950142676992184/overview","2"
"app/toc/do_1132726614623846401103/overview","2"
"app/toc/do_1132741140144701441206/overview","2"
"app/toc/do_1132741971509411841235/overview","2"
"app/toc/do_1132749294300774401389/overview","2"
"app/toc/do_1132751290016235521456/overview","2"
"app/toc/do_1132751497233530881554/overview","2"
"app/toc/do_1132751506715443201625/overview","2"
"app/toc/do_1132751512644075521673/overview","2"
"app/toc/do_1132751543960371201867/overview","2"
"app/toc/do_1132754706604769281872/overview","2"
"app/toc/do_11327554873606144011138/overview","2"
"app/toc/do_11327555083131289611168/overview","2"
"app/toc/do_11327555444031488011224/overview","2"
"app/toc/do_11327642964236697614089/single-page-view","2"
"app/toc/do_11327647768875008014153/overview","2"
"app/toc/do_11327648115633356814407/overview","2"
"app/toc/do_11328133285267046414498/overview","2"
"app/toc/do_1132919912972533761134/overview","2"
"app/toc/do_1132919915826380801137/overview","2"
"app/toc/do_1132919927821271041141/single-page-view","2"
"app/toc/do_1132919992164106241145/overview","2"
"app/toc/do_11329808784932864011992/overview","2"
"app/toc/do_11330168685053542413233/overview","2"
"app/toc/do_11330818196051558414442/overview","2"
"app/toc/do_11333149821236838411/overview","2"
"app/toc/do_113333718362570752119/overview","2"
"app/users/04858a43-c789-4c22-89cf-f871e17cdf9f/details","2"
"app/users/05efcd20-b9cc-4d0a-b215-4be97d9c5622/details","2"
"app/users/215e34b2-a385-4291-b8f9-a60fed988026/details","2"
"app/users/4ecbb51d-df16-42c8-89da-06867da9e97e/details","2"
"app/users/68735e73-04eb-4217-a145-9054eaf0b6a8/details","2"
"app/users/7747c044-ea0b-4984-b1fd-8a47d69a1082/details","2"
"app/workallocation/create/4157cdf2-0988-4c48-ba9a-472428449b66","2"
"app/workallocation/create/4bed8dfd-2992-434a-a007-21b66b406da8","2"
"app/workallocation/create/5917de67-32e9-43fb-9316-3d0ebee4e7fb","2"
"app/workallocation/create/74693c1c-5930-4764-8950-0583a2a355c4","2"
"app/workallocation/create/bb0f9127-b7a9-4505-9cb4-5b0a676748fe","2"
"app/workallocation/create/ccee2bc0-ed41-452c-af92-e3363681cdb0","2"
"app/workallocation/create/e0e91245-7b48-48d0-93e5-7c8f6c03a98a","2"
"app/workallocation/create/e9358714-5889-4e20-a8f0-9efd0fac25d1","2"
"app/workallocation/details/24aa85bd-4c02-4310-bdfe-893c4a4f5bdb","2"
"app/workallocation/details/277475a8-14af-4cfe-8d5a-b68b6840a51f","2"
"app/workallocation/details/5e5a7308-c88e-4370-913f-2e17d16d8bfd","2"
"app/workallocation/details/68335e31-f5ba-445e-87db-1eb198b6d1cc","2"
"app/workallocation/details/83805f65-896c-4ac2-8f0c-5916af6c63de","2"
"app/workallocation/details/f9c5c18b-513b-4919-a4d0-b30ba2eb4ca3","2"
"app/workallocation/details/nandiniav91%2B20@gmail.com","2"
"app/workallocation/details/null","2"
"app/workallocation/draft","2"
"app/workallocation/drafts/2862caf9-cafb-4c1d-a258-223366d6f999","2"
"app/workallocation/drafts/2e2feeb1-e7fa-4833-a3ec-60e50f5db48c","2"
"app/workallocation/drafts/3b6d49df-33a0-4497-ac9d-a6cdb5ddcd6f","2"
"app/workallocation/drafts/4554cb59-5ac8-417a-a564-d59cbe98e6d7","2"
"app/workallocation/drafts/61d51870-72b7-4fa4-b57c-38b42aac5036","2"
"app/workallocation/drafts/6402adb6-83bd-4d20-ae45-882b14af3f3f","2"
"app/workallocation/drafts/7649c7bb-4d9a-4b32-a5bb-41f429c64cd8","2"
"app/workallocation/drafts/7e92568e-00b0-4635-a89d-bcb586e3ceed","2"
"app/workallocation/drafts/9fa5d1dc-4817-4dff-b4c9-0f68d89f63f8","2"
"app/workallocation/drafts/a6371271-a224-431a-8f3c-a789fbb0ebcf","2"
"app/workallocation/drafts/a8e68cd7-3dbf-42a9-9ba2-0a47c6b01cb0","2"
"app/workallocation/drafts/ad233345-8682-435f-8d8c-4e62a2333359","2"
"app/workallocation/drafts/b1acf9b3-42a3-49ef-b5c1-8958f66d52da","2"
"app/workallocation/drafts/b29b96eb-9049-499b-a1dd-0963601da1e1","2"
"app/workallocation/drafts/d6fd9434-0f4d-471a-8cef-17da702e7629","2"
"app/workallocation/drafts/eb5d1862-d115-485a-80af-af2fe0a07739","2"
"app/workallocation/drafts/f22333fd-bfa7-4d57-ba5c-17653ef9528c","2"
"app/workallocation/drafts;workorders=6402adb6-83bd-4d20-ae45-882b14af3f3f","2"
"app/workallocation/published/1b7bc346-d994-4780-8bf9-4287ff87d979","2"
"app/workallocation/published/4157cdf2-0988-4c48-ba9a-472428449b66","2"
"app/workallocation/published/4a142984-9242-4d5a-bd6c-2f2967941fab","2"
"app/workallocation/published/7051fbff-e704-4146-9625-e4ad6b812296","2"
"app/workallocation/published/715d6998-4ed0-42b2-9725-dc95176f0c74","2"
"app/workallocation/published/b0b44113-7d02-4d53-a29d-6eb671a14359","2"
"app/workallocation/published/b498541b-6459-4a9b-9c0e-97ecab677523","2"
"app/workallocation/published/e93ad1a0-30b5-4213-a294-7b91147b9b1e","2"
"app/workallocation/published/f029a57a-287f-4559-9765-a23f4f222e05","2"
"app/workallocation/published;workorders=b498541b-6459-4a9b-9c0e-97ecab677523","2"
"app/workallocation/update/1822c87c-022e-4f01-a537-52fe479d0ce1/ce66d21a-e921-4fc0-b444-07f08cca5ee1","2"
"app/workallocation/update/34411944-3853-4ce5-ad57-69f33012e046/5cda0a8a-4cd9-4325-8f22-05d05f6f391c","2"
"app/workallocation/update/6abd971f-c5fd-496f-b29b-aa32e605aec3/c01dbd50-2d1d-4f31-873b-92ab59686a85","2"
"app/workallocation/update/80448467-c168-4879-a454-27778b2cacbb/ea5e30ef-fbd9-440a-aeef-61619d9cb455","2"
"app/workallocation/update/a368cec9-50e2-475f-b466-6a4c66903423/f4f690fe-6528-49d8-8fbd-8e90bea8ef81","2"
"app/workallocation/update/b0b44113-7d02-4d53-a29d-6eb671a14359/aa5b6bd8-cc69-4e99-ab8f-b2f5e403a590","2"
"app/workallocation/update/b5f86ad1-9d6c-4a71-8834-f83a4c9b49da/3be25440-1dc6-43ab-a938-6a7fb2d9db62","2"
"app/workallocation/update/b6021a87-0ad8-43b3-910e-83211220d516/47271771-d503-4088-bd28-b71edc5553a3","2"
"app/workallocation/update/eff52849-95d9-428a-9d4c-37dad8ddc14d/0bf8ac1a-a318-4a00-a3af-99180af82e9b","2"
"author/editor/do_113261574944751616117/upload","2"
"do_113155292642050048122","2"
"do_113155327405137920123","2"
"do_1131821343317606401119","2"
"do_1131878881336279041310","2"
"do_1131878921933045761312","2"
"do_1132281448508538881279","2"
"do_113258618376028160114","2"
"draft","2"
"learn/course/do_113268495196225536142/batch/0132685115038433282","2"
"logout","2"
"null/overview","2"
"page/explore","2"
"page/search","2"
"viewer/audio/do_1132585754176307201130","2"
"viewer/audio/do_1132591334534266881105","2"
"viewer/audio/do_1132657233784094721203","2"
"viewer/audio/do_113272650433208320198","2"
"viewer/html","2"
"viewer/html/do_1132585755763671041133","2"
"viewer/html/do_1132657217470382081202","2"
"viewer/html/do_113284069815042048136","2"
"viewer/html/do_113286264429240320185","2"
"viewer/html/do_11329809238179020812006","2"
"viewer/pdf/do_1132749893870714881426","2"
"viewer/pdf/do_1132751512644075521673","2"
"viewer/pdf/do_1132751527955906561774","2"
"viewer/pdf/do_113291872723853312183","2"
"viewer/pdf/do_11330792920911872014287","2"
"viewer/pdf/do_113331564375883776113","2"
"viewer/quiz/do_1132939988138557441775","2"
"viewer/video/do_113258034251300864182","2"
"viewer/video/do_1132585753605570561129","2"
"viewer/video/do_1132657211018690561201","2"
"viewer/video/do_1132664124306063361212","2"
"viewer/video/do_11327555444031488011224","2"
"viewer/youtube/do_113163732887527424185","2"
"viewer/youtube/do_11328132833495449614495","2"
"viewer/youtube/do_11331824819181977611523","2"
"workspace-content-published","2"
"app/approvals/075e3a3f-1a56-4ea3-9042-c66e2288e60c/to-approve","1"
"app/approvals/1a17b190-3d41-4352-b993-fef528de0e60/to-approve","1"
"app/approvals/447772e5-6aab-470b-8052-fc22abc2616b/to-approve","1"
"app/approvals/4ecbb51d-df16-42c8-89da-06867da9e97e/to-approve","1"
"app/approvals/7feb7a2c-2568-440c-adda-d3a6d53062de/to-approve","1"
"app/approvals/83a5cc86-20fd-4512-9dc7-9b47ea2cd059/to-approve","1"
"app/approvals/c89f74f6-5735-4269-b405-207940a20fbb/to-approve","1"
"app/approvals/e0110d25-4848-4af4-910c-8b966d9c6752/to-approve","1"
"app/approvals/eefc1fd8-27ef-40fc-907a-aa10c3e51e3c/to-approve","1"
"app/careers/home/56","1"
"app/discuss/Economics","1"
"app/discuss/Human%20Resource%20Management%20in%20Government","1"
"app/discuss/home/19","1"
"app/discuss/home/43","1"
"app/discuss/home/61","1"
"app/discuss/my-discussions","1"
"app/discussion-forum/category/11","1"
"app/discussion-forum/category/12","1"
"app/discussion-forum/category/22","1"
"app/discussion-forum/category/27","1"
"app/discussion-forum/category/42","1"
"app/discussion-forum/category/58","1"
"app/discussion-forum/category/59","1"
"app/discussion-forum/topic/102/testing-widget","1"
"app/discussion-forum/topic/104/testing-widget-discussion","1"
"app/discussion-forum/topic/108/testing-upvote","1"
"app/discussion-forum/topic/109/testing-upvote-1","1"
"app/discussion-forum/topic/123/sample-general-discussion","1"
"app/discussion-forum/topic/13/discussion-related-covid-19","1"
"app/discussion-forum/topic/14/about-general-discussion","1"
"app/discussion-forum/topic/19/general-discussion","1"
"app/discussion-forum/topic/2/is-covid19-going-to-affect-indian-economy-or-not","1"
"app/discussion-forum/topic/20/testing-general-discussion","1"
"app/discussion-forum/topic/22/course-testing","1"
"app/discussion-forum/topic/24/saaaaaaaaaaaaaaa","1"
"app/discussion-forum/topic/28/helloooooooooo","1"
"app/discussion-forum/topic/32/testing-1","1"
"app/discussion-forum/topic/34/junior-software-developer","1"
"app/discussion-forum/topic/42/new-discussion","1"
"app/discussion-forum/topic/5/testing-for-dicussion","1"
"app/discussion-forum/topic/54/how","1"
"app/discussion-forum/topic/55/filling-up-the-post-of-financial-adviser-js-level","1"
"app/discussion-forum/topic/66/checking-recent-tab","1"
"app/discussion-forum/topic/74/testing-recent-tab-0967","1"
"app/discussion-forum/topic/75/test-recent-tab-1234","1"
"app/discussion-forum/topic/79/hello-testing-hari-s","1"
"app/discussion-forum/topic/8/testing-tags-options","1"
"app/discussion-forum/topic/82/new-post-to-test-tags","1"
"app/discussion-forum/topic/91/testing-widget-discussion","1"
"app/discussion-forum/topic/95/ias-course-testing","1"
"app/discussion-forum/topic/96/testing-2","1"
"app/discussion/forum/tags/tag-discussions","1"
"app/discussion/forum/topic/65/when-will-this-covid-pandemic-ends","1"
"app/discussion/forum/topic/76/checking-recent-tab-123","1"
"app/do_11331322271297536017/overview","1"
"app/do_1133166091142103041335/overview","1"
"app/do_11331824762536755211518/overview","1"
"app/do_11332094232571904011598/overview","1"
"app/frac","1"
"app/globalsearch/learning","1"
"app/goals/edit/me/do_1132283935988531201399","1"
"app/goals/edit/me/do_11327772269740032014424","1"
"app/home/CBC/create-department;data=%7B%22action%22:%22Edit%22,%22row%22:%7B%22id%22:127,%22mdo%22:%22CBC%20Department%20test%22,%22type%22:%22Department%22,%22user%22:2,%22head%22:%22Bangalore%20%22,%22typeid%22:9%7D%7D","1"
"app/home/CBC/create-department;data=%7B%22action%22:%22Edit%22,%22row%22:%7B%22id%22:127,%22mdo%22:%22Capacity%20Building%20Commission%22,%22type%22:%22Department%22,%22user%22:13,%22head%22:%22Bangalore%20%22,%22typeid%22:9%7D%7D","1"
"app/home/CBP/create-department;data=%7B%22action%22:%22Edit%22,%22row%22:%7B%22id%22:122,%22mdo%22:%22BESCOM%22,%22type%22:%22External%22,%22user%22:16,%22head%22:%22bangalore%22,%22typeid%22:6%7D%7D","1"
"app/home/CBP/create-department;data=%7B%22action%22:%22Edit%22,%22row%22:%7B%22id%22:124,%22mdo%22:%22BIRCTC%20tourism%22,%22type%22:%22Govt.%20Affiliated%22,%22user%22:0,%22head%22:%22Bangalore%22,%22typeid%22:5%7D%7D","1"
"app/home/CBP/create-department;data=%7B%22action%22:%22Edit%22,%22row%22:%7B%22id%22:6,%22mdo%22:%22Agriculture%20Department%22,%22type%22:%22Board%22,%22user%22:4,%22head%22:%22test%22,%22typeid%22:8%7D%7D","1"
"app/home/MDO/create-department;data=%7B%22action%22:%22Edit%22,%22row%22:%7B%22id%22:115,%22mdo%22:%22Network%20hub%20MDO%22,%22type%22:%22Department%22,%22user%22:0,%22head%22:%22kerala%22,%22typeid%22:2%7D%7D","1"
"app/home/MDO/create-department;data=%7B%22action%22:%22Edit%22,%22row%22:%7B%22id%22:118,%22mdo%22:%22mdovscbp%22,%22type%22:%22Department%22,%22user%22:0,%22head%22:%22Goa%22,%22typeid%22:2%7D%7D","1"
"app/home/MDO/create-department;data=%7B%22action%22:%22Edit%22,%22row%22:%7B%22id%22:123,%22mdo%22:%22AMinistry%20MDO%22,%22type%22:%22Ministry%22,%22user%22:1,%22head%22:%22delhi%22,%22typeid%22:4%7D%7D","1"
"app/home/MDO/create-department;data=%7B%22action%22:%22Edit%22,%22row%22:%7B%22id%22:124,%22mdo%22:%22BIRCTC%20tourism%22,%22type%22:%22Department%22,%22user%22:0,%22head%22:%22Bangalore%22,%22typeid%22:2%7D%7D","1"
"app/home/MDO/create-department;data=%7B%22action%22:%22Edit%22,%22row%22:%7B%22id%22:129,%22mdo%22:%22New%20department%20test%22,%22type%22:%22Department%22,%22user%22:0,%22head%22:%22Bangalore%22,%22typeid%22:2%7D%7D","1"
"app/home/MDO/create-department;data=%7B%22action%22:%22Edit%22,%22row%22:%7B%22id%22:141,%22mdo%22:%22Department%20of%20homescience%22,%22type%22:%22Department%22,%22user%22:1,%22head%22:%22Delhi%22,%22typeid%22:2%7D%7D","1"
"app/home/MDO/create-department;data=%7B%22action%22:%22Edit%22,%22row%22:%7B%22id%22:59,%22mdo%22:%22CBI%20Academy%22,%22type%22:%22Ministry%22,%22user%22:1,%22head%22:%22Ghaziabad%22,%22typeid%22:4%7D%7D","1"
"app/home/SPV/create-department;needAddAdmin=true","1"
"app/home/content-detail/do_11328132809922969614490/overview","1"
"app/person-profile/0555f0fb-1fd7-485b-8144-7d49bb9f0db9","1"
"app/person-profile/112bf6c0-6960-4095-ba88-aa7fc931da30","1"
"app/person-profile/155d8b3d-0708-4213-ad57-75f4a0b9b8f3","1"
"app/person-profile/18aed8f0-89c1-4f03-966c-3b3d0de92bca","1"
"app/person-profile/37c52c5f-7a9c-46b9-bf65-635f5136c482","1"
"app/person-profile/37e76044-a319-47ca-af7b-5ff717c23f31","1"
"app/person-profile/44959a73-aaa2-4693-bf3c-0ae509796fa0","1"
"app/person-profile/6651bc63-881c-4f4c-89e4-01bfd3f1651b","1"
"app/person-profile/751c95c0-0dd9-4b56-bda3-6114f600204e","1"
"app/person-profile/7b0de855-6b4a-4002-88ad-3501abcc0bf5","1"
"app/person-profile/87caed31-681a-4027-91ae-e250782dccb3","1"
"app/person-profile/8833450c-80b2-4acc-8945-cd279d3ac7b8","1"
"app/person-profile/8a53bc0b-93eb-47cc-8d7f-3c2ef61e4e64","1"
"app/person-profile/9e901773-fcaf-43d7-8e0d-982021785bf0","1"
"app/person-profile/ab93324c-02fb-4bcd-ba58-f541d9bad337","1"
"app/person-profile/b0357c4e-cb26-4bd9-90a7-4de1f9630352","1"
"app/person-profile/ba20fe31-7ca3-463c-9232-fced73b59820","1"
"app/person-profile/bb2423f5-b4b7-42af-bfa1-b1f255fcf94f","1"
"app/person-profile/be850062-40bb-4d85-8e4b-89481a2b933f","1"
"app/person-profile/c7a4d810-ce78-4504-b4f6-ecdbf186ffba","1"
"app/person-profile/dacee95a-9f89-41fc-86b2-9154daa229c9","1"
"app/person-profile/df396838-2b90-4970-b00e-77ce35a1c846","1"
"app/person-profile/f9643e13-e616-4f7a-81db-82bbf9c84119","1"
"app/person-profile/fa13f3b4-4c09-405a-8f3b-f3bd31852146","1"
"app/playlist","1"
"app/playlist/me/do_113257935426011136126/edit","1"
"app/playlist/me/do_1132591592491499521113","1"
"app/playlist/me/do_1132592622284472321134","1"
"app/playlist/me/do_1132592732301230081136","1"
"app/playlist/me/do_1132592732301230081136/edit","1"
"app/playlist/me/do_1132613457985208321517","1"
"app/playlist/me/do_11326154469745459219","1"
"app/playlist/me/do_113262043274919936131","1"
"app/playlist/shared/do_113261558114025472111","1"
"app/playlist/shared/do_113261558114025472111/edit","1"
"app/profile/competency/assessment","1"
"app/profile/learning/history","1"
"app/roles/100/users;currentDept=MDO;roleId=100;depatName=Department%20for%20Promotion%20of%20Industry%20and%20Internal%20Trade%20Ministry%20of%20Commerce%20and%20Industry","1"
"app/roles/117/users;currentDept=CBP;roleId=117;depatName=Ministry%20of%20Roadways","1"
"app/roles/117/users;currentDept=MDO;roleId=117","1"
"app/roles/118/users;currentDept=MDO;roleId=118","1"
"app/roles/122/users;currentDept=CBP;roleId=122;depatName=BESCOM","1"
"app/roles/123/users;currentDept=MDO;roleId=123","1"
"app/roles/130/users;currentDept=CBC;roleId=130","1"
"app/roles/131/users;currentDept=CBC;roleId=131;depatName=Capacity%20building%20two","1"
"app/roles/137/users;currentDept=MDO;roleId=137;depatName=%20Department%20of%20Water%20Resources%20River%20Development%20and%20Ganga%20Rejuvenation","1"
"app/roles/141/users;currentDept=MDO;roleId=141","1"
"app/roles/141/users;currentDept=MDO;roleId=141;depatName=Department%20of%20homescience","1"
"app/roles/142/users;currentDept=undefined;roleId=142","1"
"app/roles/30/users;currentDept=CBP;roleId=30;depatName=CBP%20Two","1"
"app/roles/35/users;currentDept=MDO;roleId=35;depatName=JPAL%20four%20up","1"
"app/roles/37/users;currentDept=MDO;roleId=37;depatName=LAL%20Test","1"
"app/roles/38/users;currentDept=CBP;roleId=38;depatName=%20MDO%20Testone%20Update","1"
"app/roles/39/users;currentDept=MDO;roleId=39;depatName=FreshMDO%20check","1"
"app/roles/43/users;currentDept=MDO;roleId=43;depatName=IRCTC","1"
"app/roles/46/users;currentDept=MDO;roleId=46;depatName=Test%20New%20MDO","1"
"app/roles/49/users;currentDept=MDO;roleId=49;depatName=%20MDOtwoOone","1"
"app/roles/56/users;currentDept=CBP;roleId=56;depatName=IFS","1"
"app/roles/56/users;currentDept=MDO;roleId=56","1"
"app/roles/6/users;currentDept=MDO;roleId=6","1"
"app/roles/76/users;currentDept=MDO;roleId=76;depatName=iGOT","1"
"app/roles/PUBLISHER/users","1"
"app/search","1"
"app/taxonomy/%25255Bobject%252520Object%25255D","1"
"app/taxonomy/-BankingsysteminIndia","1"
"app/taxonomy/-Createopenandviewaworkbook","1"
"app/taxonomy/-Filter%20and%20sort%20table%20data.","1"
"app/taxonomy/-Learn%20to%20use%20functions%20and%20formulas.","1"
"app/taxonomy/-Learntousefunctionsandformulas","1"
"app/taxonomy/-RBI%20and%20Monetary%20Policy","1"
"app/taxonomy/-Saveandprintworkbooks","1"
"app/taxonomy/-Work%20with%20cell%20references.","1"
"app/taxonomy/AbsoluteandComparativeAdvanatage","1"
"app/taxonomy/AgileSoftwareDevelopmentvsSoftwareDevelopmentLifecycleSDLC","1"
"app/taxonomy/Ancient%2520History","1"
"app/taxonomy/Apllying%20Themes%20and%20Layout%20to%20Slides","1"
"app/taxonomy/Application%20of%20Social%20Marketing%20Techniques","1"
"app/taxonomy/BATNA,%20RV,%20ZOPA","1"
"app/taxonomy/Bank%20Regulations%20&%20Monetary%20Policy","1"
"app/taxonomy/Basics%20of%20Emerging%20Technologies","1"
"app/taxonomy/BasicsofDemandandSupply","1"
"app/taxonomy/BeinganEffectiveAdministrator","1"
"app/taxonomy/BudgetAccountsProtocol","1"
"app/taxonomy/CalendarGoogleCalendaretc","1"
"app/taxonomy/Caste%20&%20Politics","1"
"app/taxonomy/Characteristics,%20Components%20and%20Elements%20of%20Public%20Services","1"
"app/taxonomy/Civil%20Service%20under%20the%20Constitution%20","1"
"app/taxonomy/Components%20of%20GDP","1"
"app/taxonomy/Computer%2520Fundamentals","1"
"app/taxonomy/Concept%20of%20Crime%20and%20Civil%20Wrong","1"
"app/taxonomy/Concept%20of%20State","1"
"app/taxonomy/ConceptofCrimeandCivilWrong","1"
"app/taxonomy/Concepts","1"
"app/taxonomy/Concepts%20of%20BYOD","1"
"app/taxonomy/Concepts%20of%20right%20and%20wrong","1"
"app/taxonomy/Concepts_of_Law","1"
"app/taxonomy/Conduct%20Rules","1"
"app/taxonomy/ConstituionAdministrativeLaw","1"
"app/taxonomy/Constituion___Administrative_Law","1"
"app/taxonomy/ConstituionalRemedies","1"
"app/taxonomy/Constitution,%20Rule%20of%20Law%20and%20Administrative%20Law","1"
"app/taxonomy/ConstitutionalismRoleofgovernment","1"
"app/taxonomy/Current%20State%20of%20Indian%20Economy","1"
"app/taxonomy/DataAnalysisInterpretation","1"
"app/taxonomy/DataNormalization","1"
"app/taxonomy/Decision%20Tree%20Analysis:%20Bayesian%20techniques","1"
"app/taxonomy/Democracy","1"
"app/taxonomy/DesigningsimplePPPs","1"
"app/taxonomy/Discipline%20and%20Appeal%20Rules","1"
"app/taxonomy/Doctrine%20of%20Judicial%20Review","1"
"app/taxonomy/DocumentNavigation","1"
"app/taxonomy/Elasticity","1"
"app/taxonomy/Emerging%20Technologies","1"
"app/taxonomy/Emerging%20Trends%20in%20PA","1"
"app/taxonomy/Equality","1"
"app/taxonomy/EvoloutionofPoliticsinIndia","1"
"app/taxonomy/Evolution%20of%20Management%20thought","1"
"app/taxonomy/EvolutionofE-governanceinIndia","1"
"app/taxonomy/FinancialManagement","1"
"app/taxonomy/FiscalDeficitandBudgetaryDeficit","1"
"app/taxonomy/ForestForestRights","1"
"app/taxonomy/FreewareLinux","1"
"app/taxonomy/FundamentalRights","1"
"app/taxonomy/Fundamentalfreedoms","1"
"app/taxonomy/GIMS%20","1"
"app/taxonomy/GeneralFinancialRulesGFR","1"
"app/taxonomy/Governance%20as%20Execution%20of%20Law","1"
"app/taxonomy/Government%20Accounting%20&%20Budgeting%20Principles","1"
"app/taxonomy/Government%20Borrowing","1"
"app/taxonomy/Government%20Policies","1"
"app/taxonomy/GovernmentBorrowing","1"
"app/taxonomy/H,i,s,t,o,r,y","1"
"app/taxonomy/Historical%20Perspective%20of%20Indian%20Bureacracy","1"
"app/taxonomy/Human%2520Resource%2520Management%2520in%2520Government","1"
"app/taxonomy/IPC","1"
"app/taxonomy/IdeaofState","1"
"app/taxonomy/Indian%20PoliticalThought%20","1"
"app/taxonomy/IndianPoliticalThought","1"
"app/taxonomy/InternalExternalAudit","1"
"app/taxonomy/InternationalPoliticalThoughts","1"
"app/taxonomy/Intra-IndustryTrade","1"
"app/taxonomy/Introduction%20to%20International%20Trade","1"
"app/taxonomy/Introduction%20to%20Macroeconomics","1"
"app/taxonomy/IntroductiontoInternationalTrade","1"
"app/taxonomy/L,a,w","1"
"app/taxonomy/Left%20Wing%20Movements%20in%20India","1"
"app/taxonomy/LinksHeaderFooter","1"
"app/taxonomy/Managing%20Public%20Organisations","1"
"app/taxonomy/Marketing%20and%20their%20application%20in%20Social%20Field","1"
"app/taxonomy/Max%20Weber%20and%20the%20concept%20of%20Bureacracy","1"
"app/taxonomy/Measures%20of%20Central%20Tendency","1"
"app/taxonomy/Measuring%20the%20Size%20of%20Economy%20-GDP","1"
"app/taxonomy/NewPublicManagement","1"
"app/taxonomy/ObjectionstoEconomicApproach","1"
"app/taxonomy/Open%20Source%20Technologies/%20Solutions,%20including%20Linux%20as%20Cloud%20O.S.%20of%20Virtual%20Machines-VMs%20%28Virtualisation%29","1"
"app/taxonomy/Optimization%20Techniques%20and%20their%20applications%20in%20Government%20","1"
"app/taxonomy/OrganisationalBehavior","1"
"app/taxonomy/OrganisingContent","1"
"app/taxonomy/Other%20ways%20to%20Measure%20the%20economy","1"
"app/taxonomy/Overview%20of%20Quantitative%20Techniques%20","1"
"app/taxonomy/Peasant%20&%20Labour%20Movements","1"
"app/taxonomy/Price%20Determination","1"
"app/taxonomy/Principles%20of%20Administrative%20Law","1"
"app/taxonomy/Principles%20of%20Natural%20Justice","1"
"app/taxonomy/Principles%20of%20PA","1"
"app/taxonomy/Principles%2520of%2520Management%2520of%2520Organizations","1"
"app/taxonomy/Procedural_Law","1"
"app/taxonomy/ProductionPossibilityFrontierandSocialChoices","1"
"app/taxonomy/Project%20Management","1"
"app/taxonomy/ProjectAppraisal","1"
"app/taxonomy/Public%20Service%20Delivery","1"
"app/taxonomy/PublicBudgetMeaningPurposeandSignificance","1"
"app/taxonomy/PublicServiceDelivery","1"
"app/taxonomy/QuantitativeAnalysisforDecisionMakingQADM","1"
"app/taxonomy/RegionalismSecessionism","1"
"app/taxonomy/Relationship%20between%20Law%20and%20Administration","1"
"app/taxonomy/Rights","1"
"app/taxonomy/Role%20of%20Bureacracy","1"
"app/taxonomy/RulesandRegulations","1"
"app/taxonomy/Sexual%20Harassment%20at%20Workplace","1"
"app/taxonomy/Social%20Marketing","1"
"app/taxonomy/SocialMarketing","1"
"app/taxonomy/Sources%20of%20Constituion","1"
"app/taxonomy/SourcesofConstituion","1"
"app/taxonomy/SpecialisationandTrade","1"
"app/taxonomy/Test-Level4","1"
"app/taxonomy/Test-Level5","1"
"app/taxonomy/The%20Management%20Model","1"
"app/taxonomy/ThemesandTemplates","1"
"app/taxonomy/Tools%20of%20Monetary%20Policy","1"
"app/taxonomy/Transactions","1"
"app/taxonomy/Transliteration%20and%20Voice%20Typing","1"
"app/taxonomy/TransliterationandRegionalLanguagesInput","1"
"app/taxonomy/Tribunals","1"
"app/taxonomy/USing%20Presentation%20Views","1"
"app/taxonomy/UnifiedCommunication","1"
"app/taxonomy/Unit%20V%20:%20Social%20Legislations","1"
"app/taxonomy/Unit%2520IV%2520:%2520Procedural%2520Laws%2520%2528Civil%2520and%2520Criminal%2529","1"
"app/taxonomy/Unit_III___Criminal_Laws__Substantive_","1"
"app/taxonomy/WhatisEconomicsWhyisitImportant","1"
"app/taxonomy/Word%20Processing","1"
"app/taxonomy/WordProcessing","1"
"app/toc/do_113155327405137920123/overview","1"
"app/toc/do_1131821932853985281121/overview","1"
"app/toc/do_1131878866673090561309/overview","1"
"app/toc/do_1131879146085171201320/single-page-view","1"
"app/toc/do_11322314365176217613/overview","1"
"app/toc/do_11322384031952076817/overview","1"
"app/toc/do_1132281562166476801298/single-page-view","1"
"app/toc/do_113253156577140736150/single-page-view","1"
"app/toc/do_113253638532857856161/overview","1"
"app/toc/do_1132565793850982401111/overview","1"
"app/toc/do_1132565825467596801114/overview","1"
"app/toc/do_1132572194435891201185/overview","1"
"app/toc/do_1132572559689072641213/overview","1"
"app/toc/do_113257895324524544113/overview","1"
"app/toc/do_113257909276352512118/overview","1"
"app/toc/do_113257982668193792131/overview","1"
"app/toc/do_113257998715633664136/overview","1"
"app/toc/do_113258010563207168152/single-page-view","1"
"app/toc/do_113258013789134848163/overview","1"
"app/toc/do_1132585755234959361132/overview","1"
"app/toc/do_113258618376028160114/overview","1"
"app/toc/do_113258627803242496124/overview","1"
"app/toc/do_113258759706976256156/overview","1"
"app/toc/do_11325942679757619218/overview","1"
"app/toc/do_11326359533248512017/overview","1"
"app/toc/do_113264105908174848117/overview","1"
"app/toc/do_113264226609856512157/overview","1"
"app/toc/do_113264226748284928160/overview","1"
"app/toc/do_113267911994802176120/overview","1"
"app/toc/do_113268495196225536142/single-page-view","1"
"app/toc/do_113268495609970688144/overview","1"
"app/toc/do_113268495609970688144/single-page-view","1"
"app/toc/do_1132726616464834561107/overview","1"
"app/toc/do_1132748186711736321346/overview","1"
"app/toc/do_1132748991844024321376/overview","1"
"app/toc/do_1132749659297300481404/overview","1"
"app/toc/do_1132751311329034241458/overview","1"
"app/toc/do_1132751489040711681488/overview","1"
"app/toc/do_1132751507604602881633/overview","1"
"app/toc/do_1132751507798261761635/overview","1"
"app/toc/do_1132751519396659201721/overview","1"
"app/toc/do_1132751520950108161731/overview","1"
"app/toc/do_1132751521173176321733/overview","1"
"app/toc/do_1132751533818757121809/overview","1"
"app/toc/do_1132751543187619841863/overview","1"
"app/toc/do_1132755258511360001890/overview","1"
"app/toc/do_11327554103209984011012/overview","1"
"app/toc/do_11327554321770905611038/overview","1"
"app/toc/do_11327554359306649611050/overview","1"
"app/toc/do_11327554452414464011065/overview","1"
"app/toc/do_11327554534717849611085/overview","1"
"app/toc/do_11327555021842841611160/overview","1"
"app/toc/do_11327555240230912011188/overview","1"
"app/toc/do_11327555713965260811283/overview","1"
"app/toc/do_11327555775443763211303/overview","1"
"app/toc/do_11327556380171468811431/overview","1"
"app/toc/do_11327556408286412811433/overview","1"
"app/toc/do_11327556975501312011529/overview","1"
"app/toc/do_11327556995452928011535/overview","1"
"app/toc/do_11327557012914995211539/overview","1"
"app/toc/do_11327557407448268811605/overview","1"
"app/toc/do_11327557467543142411617/overview","1"
"app/toc/do_11327561172393164811682/overview","1"
"app/toc/do_11327561259514265611702/overview","1"
"app/toc/do_11327563066897203212062/overview","1"
"app/toc/do_11327564313631948812272/overview","1"
"app/toc/do_11327564764694937612365/overview","1"
"app/toc/do_11327566378332979212635/overview","1"
"app/toc/do_11327566537275801612669/overview","1"
"app/toc/do_11327566543510732812671/overview","1"
"app/toc/do_11327566552938086412673/overview","1"
"app/toc/do_11327566559943065612675/overview","1"
"app/toc/do_11327566571433984012677/overview","1"
"app/toc/do_11327568139060019212954/overview","1"
"app/toc/do_11327568147476480012956/overview","1"
"app/toc/do_11327569564853862413188/overview","1"
"app/toc/do_11327569564853862413188/single-page-view","1"
"app/toc/do_11327647215810150414131/overview","1"
"app/toc/do_11328132815286272014491/overview","1"
"app/toc/do_11328132828898099214494/overview","1"
"app/toc/do_11328133271208755214497/none2","1"
"app/toc/do_11328133271208755214497/single-page-view","1"
"app/toc/do_11328184158816665612/overview","1"
"app/toc/do_11328184165342412813/overview","1"
"app/toc/do_1132910283831541761522/overview","1"
"app/toc/do_113291872676741120182/overview","1"
"app/toc/do_1132919918459863041139/overview","1"
"app/toc/do_1132920053783838721149/overview","1"
"app/toc/do_1132920059019264001150/overview","1"
"app/toc/do_1132924426502307841212/overview","1"
"app/toc/do_1132924427070586881213/overview","1"
"app/toc/do_1132925532805283841256/overview","1"
"app/toc/do_1132932502555688961499/overview","1"
"app/toc/do_11329598033861836811089/single-page-view","1"
"app/toc/do_11329598058500915211090/overview","1"
"app/toc/do_11329615663656140811202/single-page-view","1"
"app/toc/do_11329809210981580812003/overview","1"
"app/toc/do_11329809218321612812004/overview","1"
"app/toc/do_11329809238179020812006/overview","1"
"app/toc/do_11329809246632345612007/overview","1"
"app/toc/do_11329884389345689612283/overview","1"
"app/toc/do_11330394254719385613799/single-page-view","1"
"app/toc/do_11330537328115712013823/single-page-view","1"
"app/toc/do_11330876777963520014717/overview","1"
"app/toc/do_11331039254597632014979/overview","1"
"app/toc/do_11331165926428672015612/overview","1"
"app/toc/do_1133166077012705281332/single-page-view","1"
"app/toc/do_11331824762536755211518/overview","1"
"app/toc/do_11332075831940710411587/overview","1"
"app/toc/do_11332872755481804817/overview","1"
"app/users/7a7c78cc-a94c-477e-99cc-6d755b361db9/details","1"
"app/users/8ffd06a7-7605-4ef6-8186-cbbca71d7ebb/details","1"
"app/users/90074749-b4b6-4d3a-b715-ff1b114d8349/details","1"
"app/users/91184199-d18c-48c8-8a7c-68ae72ca72a9/details","1"
"app/users/a18d93da-4a67-483e-96ee-d3d53e499f80/details","1"
"app/users/ac8a0bae-0cf3-41b0-8848-814f1c9167f7/details","1"
"app/users/af7ee6ca-5ea3-40d6-9219-962e4b792f3a/details","1"
"app/users/b33fb2c1-573c-400e-a88f-c02e84b4a523/details","1"
"app/users/bb3afdba-665e-423f-9b09-b5fed1340163/details","1"
"app/users/c7a4d810-ce78-4504-b4f6-ecdbf186ffba/details","1"
"app/users/dd7bfdbe-b6a1-40d6-b61d-a1f2773ed3b9/details","1"
"app/users/e0110d25-4848-4af4-910c-8b966d9c6752/details","1"
"app/users/e67282c7-7577-4ba1-8254-c32afde509c6/details","1"
"app/workallocation","1"
"app/workallocation/create/","1"
"app/workallocation/create/02144de5-3b61-4ae7-8ea0-febe815bc6ed","1"
"app/workallocation/create/08616b9b-554b-4204-858b-06484befbb0e","1"
"app/workallocation/create/1822c87c-022e-4f01-a537-52fe479d0ce1","1"
"app/workallocation/create/1d5f8113-3a32-495b-9673-b86c9c846ca6","1"
"app/workallocation/create/1eba6cc7-8246-4946-b53d-7a78d0056346","1"
"app/workallocation/create/2c223ad3-f2bd-41ba-bdae-2095fbf390b4","1"
"app/workallocation/create/2c54525c-af34-4b22-bf52-ad97e3c390d1","1"
"app/workallocation/create/2e2feeb1-e7fa-4833-a3ec-60e50f5db48c","1"
"app/workallocation/create/34411944-3853-4ce5-ad57-69f33012e046","1"
"app/workallocation/create/35feb786-9fc6-4033-8aa3-28518619ef6c","1"
"app/workallocation/create/3b6d49df-33a0-4497-ac9d-a6cdb5ddcd6f","1"
"app/workallocation/create/41a30432-87c3-430a-b868-b10887b09191","1"
"app/workallocation/create/4554cb59-5ac8-417a-a564-d59cbe98e6d7","1"
"app/workallocation/create/49375862-8b8d-465a-99af-e08857bf185d","1"
"app/workallocation/create/4a142984-9242-4d5a-bd6c-2f2967941fab","1"
"app/workallocation/create/64a686d7-1904-4e31-a6c9-7cbe1c73e53d","1"
"app/workallocation/create/6abd971f-c5fd-496f-b29b-aa32e605aec3","1"
"app/workallocation/create/7107f39f-60fc-44ec-95e0-2c07675d1b59","1"
"app/workallocation/create/811bebe8-332d-4569-9372-e5ed85b7b448","1"
"app/workallocation/create/84a1e265-d2d8-4f08-a203-cb528d598bcb","1"
"app/workallocation/create/88cdf4d7-31d4-4b6f-b96f-fc453253d61f","1"
"app/workallocation/create/9ad84b0f-a031-4662-95f8-d69c56db9881","1"
"app/workallocation/create/9fa5d1dc-4817-4dff-b4c9-0f68d89f63f8","1"
"app/workallocation/create/a87d51a0-0326-4711-a6c1-3ed59ec0fc84","1"
"app/workallocation/create/ab48c583-2404-4eae-baaf-de09dfbdb8f7","1"
"app/workallocation/create/ad233345-8682-435f-8d8c-4e62a2333359","1"
"app/workallocation/create/b0b44113-7d02-4d53-a29d-6eb671a14359","1"
"app/workallocation/create/b1acf9b3-42a3-49ef-b5c1-8958f66d52da","1"
"app/workallocation/create/b29b96eb-9049-499b-a1dd-0963601da1e1","1"
"app/workallocation/create/cd876403-cebb-4921-a827-8ac392c524ea","1"
"app/workallocation/create/d689b265-b2c4-4d1b-9b20-1eb48171c81f","1"
"app/workallocation/create/d6fd9434-0f4d-471a-8cef-17da702e7629","1"
"app/workallocation/create/e6c742eb-436c-45c3-9993-344e75e9e7ed","1"
"app/workallocation/create/eff52849-95d9-428a-9d4c-37dad8ddc14d","1"
"app/workallocation/create/f22333fd-bfa7-4d57-ba5c-17653ef9528c","1"
"app/workallocation/create/fbe9609a-ccba-4047-953f-31492b618284","1"
"app/workallocation/create/fd82b230-fd6c-4f4b-b713-a87271e98af4","1"
"app/workallocation/create;workorder=569d8264-7354-4f17-8767-945c66f87384","1"
"app/workallocation/create;workorder=63ebf8f2-7884-46a8-847e-3eb32116808e","1"
"app/workallocation/create;workorder=6402adb6-83bd-4d20-ae45-882b14af3f3f","1"
"app/workallocation/details/02b97594-9535-4303-8d1a-e62c4a9c853a","1"
"app/workallocation/details/15e41f69-695f-4680-aede-0ad39837c87c","1"
"app/workallocation/details/5dff3d23-bb14-4dd6-95ca-838a6df43f73","1"
"app/workallocation/details/c1922423-5c87-4fee-90fb-27df84937fb1","1"
"app/workallocation/details/d00624e4-b2f5-45b2-a9c3-000c4bba3a3b","1"
"app/workallocation/details/d0cb537d-82aa-473d-b4f5-02084bbb6578","1"
"app/workallocation/details/zishan@test.com","1"
"app/workallocation/drafts/02809fc8-d965-4f68-89b8-91ada132e07c","1"
"app/workallocation/drafts/08616b9b-554b-4204-858b-06484befbb0e","1"
"app/workallocation/drafts/0a537792-cb96-4e23-bab3-805cdaac4561","1"
"app/workallocation/drafts/2b5efce5-bd18-4b8c-9493-0a21adb6f83f","1"
"app/workallocation/drafts/35feb786-9fc6-4033-8aa3-28518619ef6c","1"
"app/workallocation/drafts/432a5a90-7249-4319-a022-eba8b84c77fa","1"
"app/workallocation/drafts/545d2ce0-4f90-4e9f-a8d9-246cf856418d","1"
"app/workallocation/drafts/6cf88e62-db8e-49cc-983b-f02d4ed540d7","1"
"app/workallocation/drafts/b08f1a66-906a-4d59-8fd9-e5a45e3e2059","1"
"app/workallocation/drafts/d507b290-d3ce-4791-b577-f83372ab9866","1"
"app/workallocation/drafts/e93ad1a0-30b5-4213-a294-7b91147b9b1e","1"
"app/workallocation/drafts/ea60e9e2-b091-4e3b-8c4e-f692d22da58a","1"
"app/workallocation/drafts/fbe9609a-ccba-4047-953f-31492b618284","1"
"app/workallocation/drafts/feb0d90f-ccee-4ae0-9e9b-c540e161ac33","1"
"app/workallocation/drafts;workorders=230ab27e-2e44-4229-b620-749474a4a689","1"
"app/workallocation/drafts;workorders=569d8264-7354-4f17-8767-945c66f87384","1"
"app/workallocation/drafts;workorders=b498541b-6459-4a9b-9c0e-97ecab677523","1"
"app/workallocation/published/29fe6403-614e-4c00-9859-f8a59aa3b650","1"
"app/workallocation/published/2c223ad3-f2bd-41ba-bdae-2095fbf390b4","1"
"app/workallocation/published/34411944-3853-4ce5-ad57-69f33012e046","1"
"app/workallocation/published/569d8264-7354-4f17-8767-945c66f87384","1"
"app/workallocation/published/6cfa651c-fd07-4a3b-8c13-243c625c1b5f","1"
"app/workallocation/published/7a1a05f2-eac6-471a-9b4e-1652746d8886","1"
"app/workallocation/published/88cdf4d7-31d4-4b6f-b96f-fc453253d61f","1"
"app/workallocation/published/a7ea73c0-3dd5-4945-953f-4d6c980a0035","1"
"app/workallocation/published/ab48c583-2404-4eae-baaf-de09dfbdb8f7","1"
"app/workallocation/published/b1acf9b3-42a3-49ef-b5c1-8958f66d52da","1"
"app/workallocation/published/bef97ce6-1ddf-4aa6-b382-016e3d6b882f","1"
"app/workallocation/published/ccee2bc0-ed41-452c-af92-e3363681cdb0","1"
"app/workallocation/published/e1fbad4a-40cf-4294-82ee-9b681eda2030","1"
"app/workallocation/published/e6c742eb-436c-45c3-9993-344e75e9e7ed","1"
"app/workallocation/published/feb0d90f-ccee-4ae0-9e9b-c540e161ac33","1"
"app/workallocation/update/0a5e987f-8a62-4857-93fc-2027dd00b542/30abc89f-9c7c-4a9c-9a72-51c38cf94db5","1"
"app/workallocation/update/2b4d205d-6108-4c02-a53f-37900923e983/b0795e1f-0e85-417d-9a56-7f875ea3917a","1"
"app/workallocation/update/2c223ad3-f2bd-41ba-bdae-2095fbf390b4/f0787ae9-ac40-46b8-bcb6-cbfcaf1445f0","1"
"app/workallocation/update/3bb05e89-9dba-4d06-be1e-773eb36176e8/d896811f-2bd9-4e13-993c-ec7103464fc4","1"
"app/workallocation/update/4c59b2b3-d88d-4372-99da-ffebe02739c1/4dd8c9ee-2cd6-4a39-b039-453daf62b4da","1"
"app/workallocation/update/61d51870-72b7-4fa4-b57c-38b42aac5036/67acad8f-48be-4f1f-92c2-acacddf8e624","1"
"app/workallocation/update/6e0c0140-4090-4166-9948-5898feb5ad44/a03ca459-bfde-44db-9e96-a19ee5be8230","1"
"app/workallocation/update/7e92568e-00b0-4635-a89d-bcb586e3ceed/67acad8f-48be-4f1f-92c2-acacddf8e624","1"
"app/workallocation/update/811bebe8-332d-4569-9372-e5ed85b7b448/9b61fc6e-bf6c-4175-951c-fe7e0f039e1c","1"
"app/workallocation/update/84a1e265-d2d8-4f08-a203-cb528d598bcb/dde05525-cc60-42eb-93bc-22671558e767","1"
"app/workallocation/update/a32836a5-ceea-47ce-bd65-70d0158ba410/fde199fc-0b1c-4a3e-ac69-d35d725c099d","1"
"app/workallocation/update/ad233345-8682-435f-8d8c-4e62a2333359/d7febc74-d7ec-4886-a4e7-b02c3720d689","1"
"app/workallocation/update/b1acf9b3-42a3-49ef-b5c1-8958f66d52da/8ad24c04-32f3-4bec-b034-40d2f649a18b","1"
"app/workallocation/update/b5f86ad1-9d6c-4a71-8834-f83a4c9b49da/858dbf6f-ee58-42ca-8f9c-d5d17d589187","1"
"app/workallocation/update/c7332885-33f7-4805-8c34-f4cb33c12caa/a48af25b-6d00-4073-b4c1-6af7a1199215","1"
"app/workallocation/update/ccee2bc0-ed41-452c-af92-e3363681cdb0/37c68229-a959-4d90-869e-5449cdb83f1b","1"
"app/workallocation/update/ccee2bc0-ed41-452c-af92-e3363681cdb0/d0667c3c-287e-4c97-b012-68c9af99f133","1"
"app/workallocation/update/e562af01-9010-4af5-b4b6-2b113f6f70ca/f38fae97-398d-48cb-b2b8-7e5dbd69750b","1"
"author/content-detail/do_113262214510141440150","1"
"author/my-content","1"
"discussion-forum/all-discussions","1"
"discussion-forum/topic/102/testing-widget","1"
"discussion-forum/topic/36/ongc-recruitment-2020","1"
"discussion-forum/topic/81/test-discussion-post","1"
"do_113174951917019136167","1"
"do_1132146364906291201553","1"
"do_1132174342106562561561","1"
"do_1132230726378455041578","1"
"do_11327642964236697614089","1"
"joy-themePopup","1"
"learn/course/do_11328184150654976011/batch/0132818805408808960","1"
"reset","1"
"viewer/audio/do_113264226657214464158","1"
"viewer/audio/do_1132741977854935041239","1"
"viewer/audio/do_1132934845959864321663","1"
"viewer/html/do_113163732887527424185","1"
"viewer/html/do_1132580845040762881106","1"
"viewer/html/do_1132726505688186881101","1"
"viewer/html/do_1132751290016235521456","1"
"viewer/html/do_11327564476476620812301","1"
"viewer/html/do_11327569564853862413188","1"
"viewer/html/do_1132925550027243521259","1"
"viewer/html/do_1132926279900692481333","1"
"viewer/html/do_11330818196051558414442","1"
"viewer/html/do_11330833030827212814559","1"
"viewer/html/do_11332359738575257612260","1"
"viewer/pdf/do_1132571729370316801144","1"
"viewer/pdf/do_1132572150996992001176","1"
"viewer/pdf/do_1132656964725391361195","1"
"viewer/pdf/do_113272650479886336199","1"
"viewer/pdf/do_1132751497233530881554","1"
"viewer/pdf/do_113291872676741120182","1"
"viewer/pdf/do_113291872772808704184","1"
"viewer/pdf/do_1132919930495221761143","1"
"viewer/pdf/do_1132919992164106241145","1"
"viewer/pdf/do_1132924426502307841212","1"
"viewer/pdf/do_11329598257457561611092","1"
"viewer/pdf/do_11329604142831206411113","1"
"viewer/pdf/do_11329616220555673611207","1"
"viewer/pdf/do_11329806059830476811973","1"
"viewer/pdf/do_11329884374803251212281","1"
"viewer/pdf/do_11330230924436275213529","1"
"viewer/pdf/do_11330792968474624014288","1"
"viewer/quiz/do_113268380993527808126","1"
"viewer/quiz/do_1132926270624563201332","1"
"viewer/quiz/do_11331165926428672015612","1"
"viewer/video/do_1132565824837140481113","1"
"viewer/video/do_1132580843707269121105","1"
"viewer/video/do_113264226609856512157","1"
"viewer/video/do_11326704733201203214","1"
"viewer/video/do_11326704740431462415","1"
"viewer/video/do_1132741977182208001238","1"
"viewer/video/do_1132749294300774401389","1"
"viewer/video/do_1132754706604769281872","1"
"viewer/video/do_11327554452414464011065","1"
"viewer/video/do_1132919912972533761134","1"
"viewer/youtbe/do_11330818167169024014439","1"
"viewer/youtube/do_11327568088979046412946","1"
"viewer/youtube/do_1132934846985912321664","1"
"viewer/youtube/do_11329809238179020812006","1"
"viewer/youtube/do_11332280724878950411831","1"